patient,spearman,top30_overlap,sel_mean_strength_pct
chb01,0.19,0.37,0.669
chb02,0.224,0.23,0.634
chb03,0.303,0.23,0.696
chb04,0.201,0.13,0.623
chb05,0.324,0.53,0.688
chb06,0.395,0.43,0.782
chb07,0.378,0.37,0.803
chb08,0.277,0.33,0.696
chb09,0.361,0.53,0.776
chb10,0.359,0.4,0.789
chb11,0.303,0.5,0.743
chb12,0.4,0.5,0.791
chb13,0.072,0.07,0.542
chb14,0.416,0.63,0.813
chb15,0.393,0.53,0.786
chb16,0.268,0.2,0.713
chb17,0.373,0.37,0.783
chb18,0.339,0.47,0.791
chb19,0.27,0.27,0.718
chb20,0.296,0.3,0.699
chb21,0.282,0.63,0.723
chb22,0.257,0.63,0.737
chb23,0.311,0.57,0.876
chb24,0.415,0.8,0.866
