patient,mean_top20,max_auc,mean_strength,event_sens,roc_auc,seg_sens,fa_per_hour,spearman,top30_overlap,sel_mean_strength_pct
chb01,0.8850640113376265,0.9334127915940276,0.08038971017461828,1.0,0.9491641154285716,0.6659476955714286,7.270354718842301,0.19,0.37,0.669
chb02,0.7079771625987078,0.7649901292175162,0.054878887903570164,0.6666666666666666,0.7453016483333333,0.275252525,9.890792718305772,0.224,0.23,0.634
chb03,0.7986798594958117,0.8773663275984348,0.06362905521809514,0.7142857142857143,0.9033593722857144,0.3230629018571428,20.24747516216438,0.303,0.23,0.696
chb04,0.7634377665032691,0.8153453015690326,0.10536852064688162,1.0,0.8942492193333335,0.3575757576666666,9.581457789674625,0.201,0.13,0.623
chb05,0.7927204758142303,0.9116634514745419,0.0571411242991666,1.0,0.9537139364,0.6218102896,12.435497835497836,0.324,0.53,0.688
chb06,0.7098357904905914,0.746684307795699,0.05132416439358003,0.4,0.7640407189999999,0.3847744361428571,5.4152590048395295,0.395,0.43,0.782
chb07,0.7354761517798696,0.8109388049931153,0.046285195763444184,0.6666666666666666,0.7667229223333334,0.2811837286666667,13.262447802641232,0.378,0.37,0.803
chb08,0.7111389310072792,0.781800139556855,0.034048040714755666,1.0,0.8430255358000001,0.462440412,24.49301242236025,0.277,0.33,0.696
chb09,0.8333479213550856,0.9257802286532456,0.0476421011904772,0.75,0.9545144196666668,0.457948718,2.3093715112070528,0.361,0.53,0.776
chb10,0.7582173340547422,0.7964809830157947,0.07283803732588073,0.8571428571428571,0.9545236057142856,0.5631071827142857,3.5931766593405605,0.359,0.4,0.789
chb11,0.8004052196246748,0.876332103946257,0.0399145817559072,1.0,0.9358406656666668,0.7141153419999999,12.74492492208453,0.303,0.5,0.743
chb12,0.6471770484971052,0.6964027279148735,0.034349538861831536,0.8148148148148148,0.8691090447,0.4702397663,30.628533405490145,0.4,0.5,0.791
chb13,0.6235275889808248,0.6583768387181508,0.03214986293309024,0.4166666666666667,0.508694292,0.13666666675,27.71969696969697,0.072,0.07,0.542
chb14,0.7576295872167303,0.8025443487373931,0.05714508878829087,0.375,0.9313933864285716,0.3019374415714285,7.221153846153846,0.416,0.63,0.813
chb15,0.66371962943372,0.7297565833706315,0.035849923630072854,0.85,0.8712330191428571,0.4666124242857142,36.68087118860037,0.393,0.53,0.786
chb16,0.7312497572721272,0.8248027555961844,0.05918222678028314,0.0,0.6308330111666667,0.0416666666666666,11.13157894736842,0.268,0.2,0.713
chb17,0.7278207915520455,0.7913261642962592,0.05435236413557995,0.6666666666666666,0.7824876499999999,0.1995834739999999,9.659003831417625,0.373,0.37,0.783
chb18,0.7987209173564505,0.865372522809335,0.07194526829742644,0.6666666666666666,0.769060451,0.3786034951666666,4.020847977654908,0.339,0.47,0.791
chb19,0.8449437598372299,0.9211306895978093,0.1233627876272395,1.0,0.8431231893333333,0.2818507656666666,21.9002252813896,0.27,0.27,0.718
chb20,0.8390188680855786,0.9338496698831895,0.07330797822669237,0.875,0.9688661571666668,0.4944444445,11.751250742043052,0.296,0.3,0.699
chb21,0.8195129207256606,0.8842116315697369,0.05433278927468634,1.0,0.96545183025,0.58394886375,5.224367516843217,0.282,0.63,0.723
chb22,0.8291595901106793,0.9321021075788488,0.0615429886947199,1.0,0.9779720793333334,0.6909003833333333,2.8305445644155323,0.257,0.63,0.737
chb23,0.7556366108024037,0.8990316396495978,0.05512007919895089,1.0,0.9842464516666666,0.7377188029999999,10.419926138226169,0.311,0.57,0.876
chb24,0.7746906876207473,0.8564578478172351,0.04581148224232038,0.8333333333333334,0.9356120865833332,0.5231927795,4.625,0.415,0.8,0.866
