patient,delta,theta,alpha,beta,gamma,top_src,top_src_asym,top_sink,top2_src_share,ch17_18_in_top2src,edges_used,top10_share,gini,mean_sep,low_share,entropy,n_events,event_sens,med_latency,roc_auc,seg_sens,seg_spec,fp_total,fa_per_hour
chb01,0.3109,0.2417,0.2821,0.1226,0.0427,18,1.0,5,0.805,1,51,0.84,0.784,10.47,0.5526,0.904,7,1.0,14.0,0.9491641154285715,0.6659476955714286,0.9828784581428572,305,7.2703547188423014
chb02,0.1594,0.1761,0.2212,0.0415,0.4019,17,0.848,3,0.443,1,102,0.567,0.667,5.84,0.3354,0.889,3,0.6666666666666666,39.0,0.7453016483333333,0.275252525,0.9646471609999999,406,9.890792718305773
chb03,0.2784,0.101,0.1891,0.117,0.3144,17,0.886,5,0.525,1,108,0.526,0.636,6.78,0.3794,0.943,7,0.7142857142857143,33.0,0.9033593722857143,0.32306290185714287,0.9718052115714286,933,20.24747516216438
chb04,0.2688,0.0721,0.1795,0.2294,0.2502,17,0.621,9,0.494,1,123,0.521,0.661,7.26,0.3409,0.954,4,1.0,26.25,0.8942492193333335,0.35757575766666666,0.9808644783333333,1935,9.581457789674625
chb05,0.2098,0.0957,0.3772,0.1015,0.2159,17,0.984,2,0.677,1,102,0.62,0.684,7.06,0.3055,0.921,5,1.0,18.0,0.9537139364,0.6218102896,0.9824534505999999,606,12.435497835497836
chb06,0.1844,0.2537,0.0974,0.1849,0.2796,18,0.821,10,0.526,1,72,0.548,0.609,6.25,0.4381,0.966,10,0.4,15.5,0.7640407189999999,0.38477443614285717,0.9913471615714285,346,5.4152590048395295
chb07,0.0674,0.0724,0.2975,0.3672,0.1955,18,0.639,13,0.591,1,60,0.676,0.653,7.86,0.1398,0.882,3,0.6666666666666666,13.75,0.7667229223333334,0.2811837286666667,0.9816869466666667,1130,13.262447802641233
chb08,0.2112,0.2536,0.1655,0.1762,0.1936,17,0.873,9,0.718,1,55,0.679,0.657,7.39,0.4648,0.993,5,1.0,25.5,0.8430255358000001,0.462440412,0.9809839832,508,24.49301242236025
chb09,0.2632,0.2058,0.096,0.1647,0.2704,17,0.327,13,0.765,1,38,0.826,0.722,4.35,0.4689,0.964,4,0.75,24.0,0.9545144196666667,0.457948718,0.9969620686666666,205,2.3093715112070528
chb10,0.1137,0.1017,0.6034,0.0379,0.1432,18,0.949,9,0.797,1,47,0.629,0.594,8.13,0.2154,0.737,7,0.8571428571428571,17.5,0.9545236057142857,0.5631071827142857,0.9942835127142857,193,3.5931766593405605
chb11,0.0873,0.0977,0.289,0.3052,0.2208,18,0.766,5,0.792,1,65,0.803,0.761,7.93,0.185,0.929,3,1.0,1.0,0.9358406656666668,0.7141153419999999,0.9808436346666666,505,12.74492492208453
chb12,0.1374,0.1424,0.2762,0.1934,0.2506,17,1.0,9,0.642,1,57,0.692,0.666,6.56,0.2798,0.976,27,0.8148148148148148,15.5,0.8691090447,0.47023976630000003,0.9795193149999999,657,30.628533405490142
chb13,0.0392,0.0961,0.1408,0.0999,0.624,18,0.787,12,0.561,1,91,0.552,0.653,7.41,0.1354,0.716,12,0.4166666666666667,58.5,0.508694292,0.13666666675,0.9326372537500001,966,27.71969696969697
chb14,0.2136,0.0659,0.1097,0.1207,0.4901,17,0.85,6,0.689,1,61,0.649,0.641,7.41,0.2795,0.843,8,0.375,14.0,0.9313933864285715,0.30193744157142854,0.9953956652857142,235,7.221153846153846
chb15,0.0642,0.1501,0.1261,0.112,0.5476,4,0.831,12,0.378,1,69,0.638,0.666,4.8,0.2143,0.806,20,0.85,14.0,0.8712330191428571,0.46661242428571426,0.9599710854285713,1695,36.68087118860037
chb16,0.1479,0.1504,0.1647,0.1902,0.3469,18,0.94,5,0.273,1,78,0.451,0.535,6.22,0.2982,0.962,10,0.0,,0.6308330111666667,0.041666666666666664,0.9842804446666666,237,11.131578947368421
chb17,0.2063,0.242,0.1909,0.19,0.1707,18,0.877,9,0.743,1,54,0.745,0.704,7.04,0.4483,0.996,3,0.6666666666666666,39.75,0.7824876499999999,0.19958347399999998,0.9906907880000001,256,9.659003831417625
chb18,0.514,0.2231,0.1091,0.0419,0.1118,18,0.933,9,0.811,1,65,0.809,0.774,8.87,0.7372,0.806,6,0.6666666666666666,20.0,0.769060451,0.37860349516666664,0.9928224055,171,4.020847977654908
chb19,0.0303,0.0697,0.1575,0.2557,0.4868,18,0.904,7,0.53,1,56,0.653,0.66,6.37,0.1,0.796,3,1.0,36.0,0.8431231893333333,0.28185076566666667,0.9620935816666667,820,21.900225281389602
chb20,0.1941,0.0606,0.1673,0.1522,0.4258,18,0.472,8,0.579,1,93,0.546,0.655,6.33,0.2547,0.893,8,0.875,28.5,0.9688661571666667,0.4944444445,0.9921415993333333,407,11.751250742043052
chb21,0.0971,0.2737,0.2404,0.1172,0.2716,18,0.623,11,0.716,1,43,0.827,0.732,8.84,0.3709,0.95,4,1.0,15.0,0.9654518302499999,0.58394886375,0.99511757975,218,5.224367516843217
chb22,0.4066,0.1988,0.1767,0.1316,0.0863,17,0.884,5,0.863,1,49,0.891,0.811,9.93,0.6054,0.914,3,1.0,17.0,0.9779720793333334,0.6909003833333333,0.9978703206666667,114,2.8305445644155323
chb23,0.4603,0.1222,0.0704,0.0677,0.2794,18,0.91,11,0.789,1,40,0.719,0.617,8.32,0.5825,0.832,7,1.0,17.5,0.9842464516666666,0.7377188029999999,0.9904246643333333,337,10.419926138226167
chb24,0.0,0.0058,0.2288,0.3065,0.4589,17,1.0,13,0.923,1,31,0.828,0.619,9.53,0.0058,0.676,12,0.8333333333333334,11.25,0.9356120865833333,0.5231927795,0.9963747573333332,115,4.625
