file,seizure_id,start_sample,end_sample,start_sec,end_sec,duration_sec
chb01_03,1,766976,777216,2996.0,3036.0,40.0
chb01_04,1,375552,382464,1467.0,1494.0,27.0
chb01_15,1,443392,453632,1732.0,1772.0,40.0
chb01_16,1,259840,272896,1015.0,1066.0,51.0
chb01_18,1,440320,463360,1720.0,1810.0,90.0
chb01_21,1,83712,107520,327.0,420.0,93.0
chb01_26,1,476672,502528,1862.0,1963.0,101.0
chb02_16+,1,760832,781568,2972.0,3053.0,81.0
chb02_16,1,33280,54272,130.0,212.0,82.0
chb02_19,1,862464,864768,3369.0,3378.0,9.0
chb03_01,1,92672,105984,362.0,414.0,52.0
chb03_02,1,187136,203776,731.0,796.0,65.0
chb03_03,1,110592,128256,432.0,501.0,69.0
chb03_04,1,553472,566784,2162.0,2214.0,52.0
chb03_34,1,507392,519424,1982.0,2029.0,47.0
chb03_35,1,663552,679936,2592.0,2656.0,64.0
chb03_36,1,441600,455168,1725.0,1778.0,53.0
chb04_05,1,1997824,2010368,7804.0,7853.0,49.0
chb04_08,1,1650176,1678592,6446.0,6557.0,111.0
chb04_28,1,429824,455936,1679.0,1781.0,102.0
chb04_28,2,968192,997888,3782.0,3898.0,116.0
chb05_06,1,106752,136192,417.0,532.0,115.0
chb05_13,1,278016,306176,1086.0,1196.0,110.0
chb05_16,1,593152,617728,2317.0,2413.0,96.0
chb05_17,1,627456,658176,2451.0,2571.0,120.0
chb05_22,1,601088,631040,2348.0,2465.0,117.0
chb06_01,1,441344,444928,1724.0,1738.0,14.0
chb06_01,2,1910016,1913856,7461.0,7476.0,15.0
chb06_01,3,3462400,3466240,13525.0,13540.0,15.0
chb06_04,1,83712,88832,327.0,347.0,20.0
chb06_04,2,1590016,1595136,6211.0,6231.0,20.0
chb06_09,1,3200000,3204096,12500.0,12516.0,16.0
chb06_10,1,2773248,2776320,10833.0,10845.0,12.0
chb06_13,1,129536,132864,506.0,519.0,13.0
chb06_18,1,1996544,1999616,7799.0,7811.0,12.0
chb06_24,1,2403072,2407168,9387.0,9403.0,16.0
chb07_12,1,1259520,1281536,4920.0,5006.0,86.0
chb07_13,1,840960,865536,3285.0,3381.0,96.0
chb07_19,1,3504128,3540736,13688.0,13831.0,143.0
chb08_02,1,683520,727296,2670.0,2841.0,171.0
chb08_05,1,731136,779776,2856.0,3046.0,190.0
chb08_11,1,764928,799232,2988.0,3122.0,134.0
chb08_13,1,618752,659712,2417.0,2577.0,160.0
chb08_21,1,533248,600832,2083.0,2347.0,264.0
chb09_06,1,3131136,3147520,12231.0,12295.0,64.0
chb09_08,1,755456,775680,2951.0,3030.0,79.0
chb09_08,2,2354176,2372352,9196.0,9267.0,71.0
chb09_19,1,1356544,1372416,5299.0,5361.0,62.0
chb10_12,1,1616128,1625088,6313.0,6348.0,35.0
chb10_20,1,1763328,1781248,6888.0,6958.0,70.0
chb10_27,1,609792,626432,2382.0,2447.0,65.0
chb10_30,1,773376,788224,3021.0,3079.0,58.0
chb10_31,1,973056,992512,3801.0,3877.0,76.0
chb10_38,1,1182208,1204992,4618.0,4707.0,89.0
chb10_89,1,354048,367872,1383.0,1437.0,54.0
chb11_82,1,76288,81920,298.0,320.0,22.0
chb11_92,1,689920,698112,2695.0,2727.0,32.0
chb11_99,1,372224,564736,1454.0,2206.0,752.0
chb12_06,1,426240,441856,1665.0,1726.0,61.0
chb12_06,2,874240,882432,3415.0,3447.0,32.0
chb12_08,1,365056,368384,1426.0,1439.0,13.0
chb12_08,2,407296,413184,1591.0,1614.0,23.0
chb12_08,3,500992,506112,1957.0,1977.0,20.0
chb12_08,4,716288,722944,2798.0,2824.0,26.0
chb12_09,1,788992,797184,3082.0,3114.0,32.0
chb12_09,2,896768,904960,3503.0,3535.0,32.0
chb12_10,1,151808,160000,593.0,625.0,32.0
chb12_10,2,207616,219136,811.0,856.0,45.0
chb12_11,1,277760,287232,1085.0,1122.0,37.0
chb12_23,1,64768,85248,253.0,333.0,80.0
chb12_23,2,108800,133632,425.0,522.0,97.0
chb12_23,3,161280,171520,630.0,670.0,40.0
chb12_33,1,559360,564736,2185.0,2206.0,21.0
chb12_33,2,621312,627200,2427.0,2450.0,23.0
chb12_36,1,167168,174080,653.0,680.0,27.0
chb12_38,1,396288,402688,1548.0,1573.0,25.0
chb12_38,2,716288,722176,2798.0,2821.0,23.0
chb12_38,3,759296,770304,2966.0,3009.0,43.0
chb12_38,4,805376,819456,3146.0,3201.0,55.0
chb12_38,5,861184,872960,3364.0,3410.0,46.0
chb12_42,1,178944,192000,699.0,750.0,51.0
chb12_42,2,241920,249088,945.0,973.0,28.0
chb12_42,3,299520,306944,1170.0,1199.0,29.0
chb12_42,4,429056,435456,1676.0,1701.0,25.0
chb12_42,5,566528,572416,2213.0,2236.0,23.0
chb13_19,1,531712,542976,2077.0,2121.0,44.0
chb13_21,1,239104,257024,934.0,1004.0,70.0
chb13_40,1,36352,44288,142.0,173.0,31.0
chb13_40,2,135680,152064,530.0,594.0,64.0
chb13_55,1,117248,122368,458.0,478.0,20.0
chb13_55,2,623616,628224,2436.0,2454.0,18.0
chb13_58,1,633344,637696,2474.0,2491.0,17.0
chb13_59,1,854784,870656,3339.0,3401.0,62.0
chb13_60,1,163328,168960,638.0,660.0,22.0
chb13_62,1,217856,234496,851.0,916.0,65.0
chb13_62,2,416256,432896,1626.0,1691.0,65.0
chb13_62,3,681984,696576,2664.0,2721.0,57.0
chb14_03,1,508416,512000,1986.0,2000.0,14.0
chb14_04,1,351232,356352,1372.0,1392.0,20.0
chb14_04,2,721152,726784,2817.0,2839.0,22.0
chb14_06,1,489216,492800,1911.0,1925.0,14.0
chb14_11,1,470528,481024,1838.0,1879.0,41.0
chb14_17,1,829184,834304,3239.0,3259.0,20.0
chb14_18,1,265984,271616,1039.0,1061.0,22.0
chb14_27,1,725248,729344,2833.0,2849.0,16.0
chb15_06,1,69632,101632,272.0,397.0,125.0
chb15_10,1,276992,284928,1082.0,1113.0,31.0
chb15_15,1,407296,447488,1591.0,1748.0,157.0
chb15_17,1,492800,501760,1925.0,1960.0,35.0
chb15_20,1,155392,169472,607.0,662.0,55.0
chb15_22,1,194560,247040,760.0,965.0,205.0
chb15_28,1,224256,272896,876.0,1066.0,190.0
chb15_31,1,448256,478976,1751.0,1871.0,120.0
chb15_40,1,213504,228864,834.0,894.0,60.0
chb15_40,2,608768,639232,2378.0,2497.0,119.0
chb15_40,3,860672,876800,3362.0,3425.0,63.0
chb15_46,1,850432,877824,3322.0,3429.0,107.0
chb15_49,1,283648,319488,1108.0,1248.0,140.0
chb15_52,1,199168,217344,778.0,849.0,71.0
chb15_54,1,67328,81408,263.0,318.0,55.0
chb15_54,2,215808,261120,843.0,1020.0,177.0
chb15_54,3,390144,408320,1524.0,1595.0,71.0
chb15_54,4,557824,576000,2179.0,2250.0,71.0
chb15_54,5,877568,885760,3428.0,3460.0,32.0
chb15_62,1,192256,219904,751.0,859.0,108.0
chb16_10,1,586240,588544,2290.0,2299.0,9.0
chb16_11,1,286720,289024,1120.0,1129.0,9.0
chb16_14,1,474624,478208,1854.0,1868.0,14.0
chb16_16,1,310784,312320,1214.0,1220.0,6.0
chb16_17,1,58112,60416,227.0,236.0,9.0
chb16_17,2,433664,435200,1694.0,1700.0,6.0
chb16_17,3,553472,555520,2162.0,2170.0,8.0
chb16_17,4,842240,844288,3290.0,3298.0,8.0
chb16_18,1,160512,162560,627.0,635.0,8.0
chb16_18,2,488704,490496,1909.0,1916.0,7.0
chb17a_03,1,584192,607232,2282.0,2372.0,90.0
chb17a_04,1,774400,803840,3025.0,3140.0,115.0
chb17b_63,1,802816,825344,3136.0,3224.0,88.0
chb18_29,1,890112,902912,3477.0,3527.0,50.0
chb18_30,1,138496,146176,541.0,571.0,30.0
chb18_31,1,534272,551680,2087.0,2155.0,68.0
chb18_32,1,488448,502528,1908.0,1963.0,55.0
chb18_35,1,562176,579584,2196.0,2264.0,68.0
chb18_36,1,118528,130304,463.0,509.0,46.0
chb19_28,1,76544,96512,299.0,377.0,78.0
chb19_29,1,758784,778496,2964.0,3041.0,77.0
chb19_30,1,808704,829440,3159.0,3240.0,81.0
chb20_12,1,24064,31488,94.0,123.0,29.0
chb20_13,1,368640,376320,1440.0,1470.0,30.0
chb20_13,2,639488,649472,2498.0,2537.0,39.0
chb20_14,1,504576,514304,1971.0,2009.0,38.0
chb20_15,1,99840,108800,390.0,425.0,35.0
chb20_15,2,432384,444928,1689.0,1738.0,49.0
chb20_16,1,569856,578816,2226.0,2261.0,35.0
chb20_68,1,356608,366592,1393.0,1432.0,39.0
chb21_19,1,329728,344064,1288.0,1344.0,56.0
chb21_20,1,672512,685312,2627.0,2677.0,50.0
chb21_21,1,512768,533504,2003.0,2084.0,81.0
chb21_22,1,653568,656640,2553.0,2565.0,12.0
chb22_20,1,861952,876800,3367.0,3425.0,58.0
chb22_25,1,803584,822528,3139.0,3213.0,74.0
chb22_38,1,323328,341760,1263.0,1335.0,72.0
chb23_06,1,1014272,1043200,3962.0,4075.0,113.0
chb23_08,1,83200,88320,325.0,345.0,20.0
chb23_08,2,1306624,1318656,5104.0,5151.0,47.0
chb23_09,1,662784,680960,2589.0,2660.0,71.0
chb23_09,2,1762560,1778432,6885.0,6947.0,62.0
chb23_09,3,2177280,2184192,8505.0,8532.0,27.0
chb23_09,4,2452480,2473984,9580.0,9664.0,84.0
chb24_01,1,122880,129280,480.0,505.0,25.0
chb24_03,1,59136,66560,231.0,260.0,29.0
chb24_04,1,278528,286720,1088.0,1120.0,32.0
chb24_06,1,314624,320768,1229.0,1253.0,24.0
chb24_07,1,9728,15360,38.0,60.0,22.0
chb24_09,1,446720,451584,1745.0,1764.0,19.0
chb24_11,1,902912,920832,3527.0,3597.0,70.0
chb24_13,1,841728,845824,3288.0,3304.0,16.0
chb24_14,1,496384,503296,1939.0,1966.0,27.0
chb24_15,1,909312,913664,3552.0,3569.0,17.0
chb24_17,1,899840,916736,3515.0,3581.0,66.0
chb24_21,1,717824,735232,2804.0,2872.0,68.0
