filename,patient,has_seizure,split
chb01_15.h5,chb01,1,train
chb01_16.h5,chb01,1,train
chb01_18.h5,chb01,1,train
chb01_21.h5,chb01,1,train
chb01_26.h5,chb01,1,train
chb01_43.h5,chb01,0,train
chb01_01.h5,chb01,0,train
chb01_07.h5,chb01,0,train
chb01_24.h5,chb01,0,train
chb01_37.h5,chb01,0,train
chb01_08.h5,chb01,0,train
chb01_14.h5,chb01,0,train
chb01_02.h5,chb01,0,train
chb01_05.h5,chb01,0,train
chb01_42.h5,chb01,0,train
chb01_06.h5,chb01,0,train
chb01_40.h5,chb01,0,train
chb01_32.h5,chb01,0,train
chb01_41.h5,chb01,0,train
chb01_13.h5,chb01,0,train
chb01_31.h5,chb01,0,train
chb01_25.h5,chb01,0,train
chb01_34.h5,chb01,0,train
chb01_09.h5,chb01,0,train
chb01_29.h5,chb01,0,train
chb01_46.h5,chb01,0,train
chb01_10.h5,chb01,0,train
chb01_20.h5,chb01,0,train
chb01_38.h5,chb01,0,train
chb01_03.h5,chb01,1,test
chb01_04.h5,chb01,1,test
chb01_36.h5,chb01,0,test
chb01_19.h5,chb01,0,test
chb01_33.h5,chb01,0,test
chb01_30.h5,chb01,0,test
chb01_22.h5,chb01,0,test
chb01_39.h5,chb01,0,test
chb01_27.h5,chb01,0,test
chb01_17.h5,chb01,0,test
chb01_11.h5,chb01,0,test
chb01_23.h5,chb01,0,test
chb01_12.h5,chb01,0,test
chb02_16.h5,chb02,1,train
chb02_19.h5,chb02,1,train
chb02_05.h5,chb02,0,train
chb02_18.h5,chb02,0,train
chb02_06.h5,chb02,0,train
chb02_14.h5,chb02,0,train
chb02_12.h5,chb02,0,train
chb02_27.h5,chb02,0,train
chb02_02.h5,chb02,0,train
chb02_03.h5,chb02,0,train
chb02_32.h5,chb02,0,train
chb02_04.h5,chb02,0,train
chb02_30.h5,chb02,0,train
chb02_26.h5,chb02,0,train
chb02_33.h5,chb02,0,train
chb02_25.h5,chb02,0,train
chb02_21.h5,chb02,0,train
chb02_28.h5,chb02,0,train
chb02_07.h5,chb02,0,train
chb02_23.h5,chb02,0,train
chb02_35.h5,chb02,0,train
chb02_08.h5,chb02,0,train
chb02_11.h5,chb02,0,train
chb02_15.h5,chb02,0,train
chb02_31.h5,chb02,0,train
chb02_16+.h5,chb02,1,test
chb02_34.h5,chb02,0,test
chb02_17.h5,chb02,0,test
chb02_29.h5,chb02,0,test
chb02_20.h5,chb02,0,test
chb02_09.h5,chb02,0,test
chb02_10.h5,chb02,0,test
chb02_22.h5,chb02,0,test
chb02_24.h5,chb02,0,test
chb02_13.h5,chb02,0,test
chb02_01.h5,chb02,0,test
chb03_03.h5,chb03,1,train
chb03_04.h5,chb03,1,train
chb03_34.h5,chb03,1,train
chb03_35.h5,chb03,1,train
chb03_36.h5,chb03,1,train
chb03_09.h5,chb03,0,train
chb03_21.h5,chb03,0,train
chb03_10.h5,chb03,0,train
chb03_18.h5,chb03,0,train
chb03_16.h5,chb03,0,train
chb03_27.h5,chb03,0,train
chb03_06.h5,chb03,0,train
chb03_07.h5,chb03,0,train
chb03_30.h5,chb03,0,train
chb03_08.h5,chb03,0,train
chb03_26.h5,chb03,0,train
chb03_31.h5,chb03,0,train
chb03_23.h5,chb03,0,train
chb03_38.h5,chb03,0,train
chb03_25.h5,chb03,0,train
chb03_12.h5,chb03,0,train
chb03_15.h5,chb03,0,train
chb03_19.h5,chb03,0,train
chb03_33.h5,chb03,0,train
chb03_24.h5,chb03,0,train
chb03_11.h5,chb03,0,train
chb03_01.h5,chb03,1,test
chb03_02.h5,chb03,1,test
chb03_32.h5,chb03,0,test
chb03_20.h5,chb03,0,test
chb03_28.h5,chb03,0,test
chb03_22.h5,chb03,0,test
chb03_13.h5,chb03,0,test
chb03_14.h5,chb03,0,test
chb03_37.h5,chb03,0,test
chb03_29.h5,chb03,0,test
chb03_17.h5,chb03,0,test
chb03_05.h5,chb03,0,test
chb04_08.h5,chb04,1,train
chb04_28.h5,chb04,1,train
chb04_19.h5,chb04,0,train
chb04_15.h5,chb04,0,train
chb04_23.h5,chb04,0,train
chb04_12.h5,chb04,0,train
chb04_37.h5,chb04,0,train
chb04_01.h5,chb04,0,train
chb04_30.h5,chb04,0,train
chb04_07.h5,chb04,0,train
chb04_14.h5,chb04,0,train
chb04_02.h5,chb04,0,train
chb04_42.h5,chb04,0,train
chb04_25.h5,chb04,0,train
chb04_03.h5,chb04,0,train
chb04_34.h5,chb04,0,train
chb04_40.h5,chb04,0,train
chb04_04.h5,chb04,0,train
chb04_39.h5,chb04,0,train
chb04_27.h5,chb04,0,train
chb04_36.h5,chb04,0,train
chb04_13.h5,chb04,0,train
chb04_26.h5,chb04,0,train
chb04_22.h5,chb04,0,train
chb04_24.h5,chb04,0,train
chb04_10.h5,chb04,0,train
chb04_17.h5,chb04,0,train
chb04_33.h5,chb04,0,train
chb04_43.h5,chb04,0,train
chb04_05.h5,chb04,1,test
chb04_38.h5,chb04,0,test
chb04_41.h5,chb04,0,test
chb04_06.h5,chb04,0,test
chb04_16.h5,chb04,0,test
chb04_35.h5,chb04,0,test
chb04_31.h5,chb04,0,test
chb04_09.h5,chb04,0,test
chb04_32.h5,chb04,0,test
chb04_29.h5,chb04,0,test
chb04_18.h5,chb04,0,test
chb04_21.h5,chb04,0,test
chb04_11.h5,chb04,0,test
chb05_06.h5,chb05,1,train
chb05_16.h5,chb05,1,train
chb05_17.h5,chb05,1,train
chb05_05.h5,chb05,0,train
chb05_21.h5,chb05,0,train
chb05_23.h5,chb05,0,train
chb05_07.h5,chb05,0,train
chb05_18.h5,chb05,0,train
chb05_14.h5,chb05,0,train
chb05_02.h5,chb05,0,train
chb05_03.h5,chb05,0,train
chb05_36.h5,chb05,0,train
chb05_04.h5,chb05,0,train
chb05_35.h5,chb05,0,train
chb05_29.h5,chb05,0,train
chb05_37.h5,chb05,0,train
chb05_28.h5,chb05,0,train
chb05_24.h5,chb05,0,train
chb05_31.h5,chb05,0,train
chb05_08.h5,chb05,0,train
chb05_26.h5,chb05,0,train
chb05_39.h5,chb05,0,train
chb05_09.h5,chb05,0,train
chb05_12.h5,chb05,0,train
chb05_19.h5,chb05,0,train
chb05_34.h5,chb05,0,train
chb05_13.h5,chb05,1,test
chb05_22.h5,chb05,1,test
chb05_20.h5,chb05,0,test
chb05_25.h5,chb05,0,test
chb05_33.h5,chb05,0,test
chb05_32.h5,chb05,0,test
chb05_10.h5,chb05,0,test
chb05_30.h5,chb05,0,test
chb05_27.h5,chb05,0,test
chb05_15.h5,chb05,0,test
chb05_38.h5,chb05,0,test
chb05_11.h5,chb05,0,test
chb05_01.h5,chb05,0,test
chb06_09.h5,chb06,1,train
chb06_10.h5,chb06,1,train
chb06_13.h5,chb06,1,train
chb06_18.h5,chb06,1,train
chb06_24.h5,chb06,1,train
chb06_05.h5,chb06,0,train
chb06_03.h5,chb06,0,train
chb06_15.h5,chb06,0,train
chb06_07.h5,chb06,0,train
chb06_14.h5,chb06,0,train
chb06_06.h5,chb06,0,train
chb06_12.h5,chb06,0,train
chb06_01.h5,chb06,1,test
chb06_04.h5,chb06,1,test
chb06_08.h5,chb06,0,test
chb06_02.h5,chb06,0,test
chb06_16.h5,chb06,0,test
chb06_17.h5,chb06,0,test
chb07_13.h5,chb07,1,train
chb07_18.h5,chb07,1,train
chb07_14.h5,chb07,0,train
chb07_09.h5,chb07,0,train
chb07_10.h5,chb07,0,train
chb07_03.h5,chb07,0,train
chb07_19.h5,chb07,0,train
chb07_05.h5,chb07,0,train
chb07_08.h5,chb07,0,train
chb07_11.h5,chb07,0,train
chb07_15.h5,chb07,0,train
chb07_04.h5,chb07,0,train
chb07_07.h5,chb07,0,train
chb07_12.h5,chb07,1,test
chb07_01.h5,chb07,0,test
chb07_02.h5,chb07,0,test
chb07_06.h5,chb07,0,test
chb07_17.h5,chb07,0,test
chb07_16.h5,chb07,0,test
chb08_02.h5,chb08,1,train
chb08_11.h5,chb08,1,train
chb08_13.h5,chb08,1,train
chb08_18.h5,chb08,0,train
chb08_10.h5,chb08,0,train
chb08_04.h5,chb08,0,train
chb08_29.h5,chb08,0,train
chb08_14.h5,chb08,0,train
chb08_17.h5,chb08,0,train
chb08_20.h5,chb08,0,train
chb08_23.h5,chb08,0,train
chb08_12.h5,chb08,0,train
chb08_16.h5,chb08,0,train
chb08_05.h5,chb08,1,test
chb08_21.h5,chb08,1,test
chb08_19.h5,chb08,0,test
chb08_22.h5,chb08,0,test
chb08_03.h5,chb08,0,test
chb08_24.h5,chb08,0,test
chb08_15.h5,chb08,0,test
chb09_08.h5,chb09,1,train
chb09_19.h5,chb09,1,train
chb09_14.h5,chb09,0,train
chb09_11.h5,chb09,0,train
chb09_12.h5,chb09,0,train
chb09_03.h5,chb09,0,train
chb09_18.h5,chb09,0,train
chb09_05.h5,chb09,0,train
chb09_10.h5,chb09,0,train
chb09_13.h5,chb09,0,train
chb09_15.h5,chb09,0,train
chb09_04.h5,chb09,0,train
chb09_09.h5,chb09,0,train
chb09_06.h5,chb09,1,test
chb09_01.h5,chb09,0,test
chb09_02.h5,chb09,0,test
chb09_07.h5,chb09,0,test
chb09_17.h5,chb09,0,test
chb09_16.h5,chb09,0,test
chb10_27.h5,chb10,1,train
chb10_30.h5,chb10,1,train
chb10_31.h5,chb10,1,train
chb10_38.h5,chb10,1,train
chb10_89.h5,chb10,1,train
chb10_22.h5,chb10,0,train
chb10_21.h5,chb10,0,train
chb10_16.h5,chb10,0,train
chb10_03.h5,chb10,0,train
chb10_14.h5,chb10,0,train
chb10_28.h5,chb10,0,train
chb10_05.h5,chb10,0,train
chb10_17.h5,chb10,0,train
chb10_08.h5,chb10,0,train
chb10_15.h5,chb10,0,train
chb10_19.h5,chb10,0,train
chb10_07.h5,chb10,0,train
chb10_12.h5,chb10,1,test
chb10_20.h5,chb10,1,test
chb10_01.h5,chb10,0,test
chb10_02.h5,chb10,0,test
chb10_13.h5,chb10,0,test
chb10_06.h5,chb10,0,test
chb10_04.h5,chb10,0,test
chb10_18.h5,chb10,0,test
chb11_92.h5,chb11,1,train
chb11_99.h5,chb11,1,train
chb11_05.h5,chb11,0,train
chb11_17.h5,chb11,0,train
chb11_06.h5,chb11,0,train
chb11_14.h5,chb11,0,train
chb11_12.h5,chb11,0,train
chb11_53.h5,chb11,0,train
chb11_02.h5,chb11,0,train
chb11_03.h5,chb11,0,train
chb11_56.h5,chb11,0,train
chb11_04.h5,chb11,0,train
chb11_26.h5,chb11,0,train
chb11_58.h5,chb11,0,train
chb11_27.h5,chb11,0,train
chb11_19.h5,chb11,0,train
chb11_63.h5,chb11,0,train
chb11_25.h5,chb11,0,train
chb11_08.h5,chb11,0,train
chb11_11.h5,chb11,0,train
chb11_15.h5,chb11,0,train
chb11_60.h5,chb11,0,train
chb11_24.h5,chb11,0,train
chb11_07.h5,chb11,0,train
chb11_82.h5,chb11,1,test
chb11_61.h5,chb11,0,test
chb11_16.h5,chb11,0,test
chb11_54.h5,chb11,0,test
chb11_18.h5,chb11,0,test
chb11_09.h5,chb11,0,test
chb11_10.h5,chb11,0,test
chb11_62.h5,chb11,0,test
chb11_55.h5,chb11,0,test
chb11_13.h5,chb11,0,test
chb11_01.h5,chb11,0,test
chb12_06.h5,chb12,1,train
chb12_09.h5,chb12,1,train
chb12_10.h5,chb12,1,train
chb12_11.h5,chb12,1,train
chb12_33.h5,chb12,1,train
chb12_36.h5,chb12,1,train
chb12_42.h5,chb12,1,train
chb12_21.h5,chb12,0,train
chb12_20.h5,chb12,0,train
chb12_39.h5,chb12,0,train
chb12_32.h5,chb12,0,train
chb12_37.h5,chb12,0,train
chb12_24.h5,chb12,0,train
chb12_35.h5,chb12,0,train
chb12_38.h5,chb12,1,test
chb12_08.h5,chb12,1,test
chb12_23.h5,chb12,1,test
chb12_34.h5,chb12,0,test
chb12_19.h5,chb12,0,test
chb12_40.h5,chb12,0,test
chb12_41.h5,chb12,0,test
chb13_55.h5,chb13,1,train
chb13_58.h5,chb13,1,train
chb13_59.h5,chb13,1,train
chb13_60.h5,chb13,1,train
chb13_62.h5,chb13,1,train
chb13_02.h5,chb13,0,train
chb13_22.h5,chb13,0,train
chb13_19.h5,chb13,1,test
chb13_21.h5,chb13,1,test
chb13_03.h5,chb13,0,test
chb13_56.h5,chb13,0,test
chb14_06.h5,chb14,1,train
chb14_11.h5,chb14,1,train
chb14_17.h5,chb14,1,train
chb14_18.h5,chb14,1,train
chb14_27.h5,chb14,1,train
chb14_12.h5,chb14,0,train
chb14_29.h5,chb14,0,train
chb14_32.h5,chb14,0,train
chb14_39.h5,chb14,0,train
chb14_07.h5,chb14,0,train
chb14_22.h5,chb14,0,train
chb14_42.h5,chb14,0,train
chb14_13.h5,chb14,0,train
chb14_26.h5,chb14,0,train
chb14_19.h5,chb14,0,train
chb14_24.h5,chb14,0,train
chb14_30.h5,chb14,0,train
chb14_16.h5,chb14,0,train
chb14_03.h5,chb14,1,test
chb14_04.h5,chb14,1,test
chb14_01.h5,chb14,0,test
chb14_14.h5,chb14,0,test
chb14_25.h5,chb14,0,test
chb14_02.h5,chb14,0,test
chb14_20.h5,chb14,0,test
chb14_37.h5,chb14,0,test
chb15_10.h5,chb15,1,train
chb15_15.h5,chb15,1,train
chb15_17.h5,chb15,1,train
chb15_20.h5,chb15,1,train
chb15_22.h5,chb15,1,train
chb15_28.h5,chb15,1,train
chb15_31.h5,chb15,1,train
chb15_40.h5,chb15,1,train
chb15_49.h5,chb15,1,train
chb15_62.h5,chb15,1,train
chb15_51.h5,chb15,0,train
chb15_08.h5,chb15,0,train
chb15_04.h5,chb15,0,train
chb15_19.h5,chb15,0,train
chb15_30.h5,chb15,0,train
chb15_05.h5,chb15,0,train
chb15_07.h5,chb15,0,train
chb15_45.h5,chb15,0,train
chb15_33.h5,chb15,0,train
chb15_50.h5,chb15,0,train
chb15_35.h5,chb15,0,train
chb15_63.h5,chb15,0,train
chb15_11.h5,chb15,0,train
chb15_14.h5,chb15,0,train
chb15_29.h5,chb15,0,train
chb15_37.h5,chb15,0,train
chb15_09.h5,chb15,0,train
chb15_46.h5,chb15,1,test
chb15_52.h5,chb15,1,test
chb15_06.h5,chb15,1,test
chb15_54.h5,chb15,1,test
chb15_12.h5,chb15,0,test
chb15_32.h5,chb15,0,test
chb15_02.h5,chb15,0,test
chb15_61.h5,chb15,0,test
chb15_16.h5,chb15,0,test
chb15_13.h5,chb15,0,test
chb15_26.h5,chb15,0,test
chb15_03.h5,chb15,0,test
chb16_10.h5,chb16,1,train
chb16_14.h5,chb16,1,train
chb16_16.h5,chb16,1,train
chb16_06.h5,chb16,0,train
chb16_03.h5,chb16,0,train
chb16_02.h5,chb16,0,train
chb16_15.h5,chb16,0,train
chb16_05.h5,chb16,0,train
chb16_08.h5,chb16,0,train
chb16_04.h5,chb16,0,train
chb16_07.h5,chb16,0,train
chb16_11.h5,chb16,1,test
chb16_17.h5,chb16,1,test
chb16_13.h5,chb16,0,test
chb16_12.h5,chb16,0,test
chb16_01.h5,chb16,0,test
chb16_09.h5,chb16,0,test
chb17a_04.h5,chb17,1,train
chb17b_63.h5,chb17,1,train
chb17b_68.h5,chb17,0,train
chb17c_05.h5,chb17,0,train
chb17a_08.h5,chb17,0,train
chb17b_69.h5,chb17,0,train
chb17c_08.h5,chb17,0,train
chb17b_58.h5,chb17,0,train
chb17b_67.h5,chb17,0,train
chb17c_02.h5,chb17,0,train
chb17c_04.h5,chb17,0,train
chb17b_57.h5,chb17,0,train
chb17b_60.h5,chb17,0,train
chb17a_03.h5,chb17,1,test
chb17a_05.h5,chb17,0,test
chb17a_06.h5,chb17,0,test
chb17b_59.h5,chb17,0,test
chb17c_07.h5,chb17,0,test
chb17c_03.h5,chb17,0,test
chb17c_06.h5,chb17,0,test
chb18_31.h5,chb18,1,train
chb18_32.h5,chb18,1,train
chb18_35.h5,chb18,1,train
chb18_36.h5,chb18,1,train
chb18_15.h5,chb18,0,train
chb18_17.h5,chb18,0,train
chb18_13.h5,chb18,0,train
chb18_19.h5,chb18,0,train
chb18_03.h5,chb18,0,train
chb18_06.h5,chb18,0,train
chb18_07.h5,chb18,0,train
chb18_04.h5,chb18,0,train
chb18_26.h5,chb18,0,train
chb18_05.h5,chb18,0,train
chb18_25.h5,chb18,0,train
chb18_27.h5,chb18,0,train
chb18_20.h5,chb18,0,train
chb18_34.h5,chb18,0,train
chb18_22.h5,chb18,0,train
chb18_09.h5,chb18,0,train
chb18_12.h5,chb18,0,train
chb18_16.h5,chb18,0,train
chb18_21.h5,chb18,0,train
chb18_08.h5,chb18,0,train
chb18_29.h5,chb18,1,test
chb18_30.h5,chb18,1,test
chb18_33.h5,chb18,0,test
chb18_18.h5,chb18,0,test
chb18_14.h5,chb18,0,test
chb18_24.h5,chb18,0,test
chb18_10.h5,chb18,0,test
chb18_11.h5,chb18,0,test
chb18_23.h5,chb18,0,test
chb18_02.h5,chb18,0,test
chb18_28.h5,chb18,0,test
chb19_29.h5,chb19,1,train
chb19_30.h5,chb19,1,train
chb19_25.h5,chb19,0,train
chb19_07.h5,chb19,0,train
chb19_04.h5,chb19,0,train
chb19_14.h5,chb19,0,train
chb19_17.h5,chb19,0,train
chb19_05.h5,chb19,0,train
chb19_06.h5,chb19,0,train
chb19_23.h5,chb19,0,train
chb19_19.h5,chb19,0,train
chb19_24.h5,chb19,0,train
chb19_20.h5,chb19,0,train
chb19_27.h5,chb19,0,train
chb19_22.h5,chb19,0,train
chb19_09.h5,chb19,0,train
chb19_12.h5,chb19,0,train
chb19_16.h5,chb19,0,train
chb19_21.h5,chb19,0,train
chb19_08.h5,chb19,0,train
chb19_28.h5,chb19,1,test
chb19_10.h5,chb19,0,test
chb19_18.h5,chb19,0,test
chb19_02.h5,chb19,0,test
chb19_26.h5,chb19,0,test
chb19_13.h5,chb19,0,test
chb19_11.h5,chb19,0,test
chb19_15.h5,chb19,0,test
chb19_03.h5,chb19,0,test
chb20_14.h5,chb20,1,train
chb20_15.h5,chb20,1,train
chb20_16.h5,chb20,1,train
chb20_68.h5,chb20,1,train
chb20_25.h5,chb20,0,train
chb20_06.h5,chb20,0,train
chb20_03.h5,chb20,0,train
chb20_22.h5,chb20,0,train
chb20_34.h5,chb20,0,train
chb20_04.h5,chb20,0,train
chb20_05.h5,chb20,0,train
chb20_30.h5,chb20,0,train
chb20_28.h5,chb20,0,train
chb20_59.h5,chb20,0,train
chb20_60.h5,chb20,0,train
chb20_08.h5,chb20,0,train
chb20_21.h5,chb20,0,train
chb20_26.h5,chb20,0,train
chb20_31.h5,chb20,0,train
chb20_07.h5,chb20,0,train
chb20_12.h5,chb20,1,test
chb20_13.h5,chb20,1,test
chb20_27.h5,chb20,0,test
chb20_17.h5,chb20,0,test
chb20_01.h5,chb20,0,test
chb20_11.h5,chb20,0,test
chb20_29.h5,chb20,0,test
chb20_23.h5,chb20,0,test
chb20_02.h5,chb20,0,test
chb21_19.h5,chb21,1,train
chb21_21.h5,chb21,1,train
chb21_22.h5,chb21,1,train
chb21_14.h5,chb21,0,train
chb21_16.h5,chb21,0,train
chb21_12.h5,chb21,0,train
chb21_18.h5,chb21,0,train
chb21_02.h5,chb21,0,train
chb21_05.h5,chb21,0,train
chb21_06.h5,chb21,0,train
chb21_03.h5,chb21,0,train
chb21_29.h5,chb21,0,train
chb21_04.h5,chb21,0,train
chb21_28.h5,chb21,0,train
chb21_30.h5,chb21,0,train
chb21_23.h5,chb21,0,train
chb21_33.h5,chb21,0,train
chb21_25.h5,chb21,0,train
chb21_08.h5,chb21,0,train
chb21_11.h5,chb21,0,train
chb21_15.h5,chb21,0,train
chb21_24.h5,chb21,0,train
chb21_07.h5,chb21,0,train
chb21_20.h5,chb21,1,test
chb21_32.h5,chb21,0,test
chb21_17.h5,chb21,0,test
chb21_13.h5,chb21,0,test
chb21_27.h5,chb21,0,test
chb21_09.h5,chb21,0,test
chb21_10.h5,chb21,0,test
chb21_26.h5,chb21,0,test
chb21_01.h5,chb21,0,test
chb21_31.h5,chb21,0,test
chb22_25.h5,chb22,1,train
chb22_38.h5,chb22,1,train
chb22_17.h5,chb22,0,train
chb22_19.h5,chb22,0,train
chb22_02.h5,chb22,0,train
chb22_05.h5,chb22,0,train
chb22_06.h5,chb22,0,train
chb22_03.h5,chb22,0,train
chb22_21.h5,chb22,0,train
chb22_29.h5,chb22,0,train
chb22_04.h5,chb22,0,train
chb22_54.h5,chb22,0,train
chb22_30.h5,chb22,0,train
chb22_23.h5,chb22,0,train
chb22_77.h5,chb22,0,train
chb22_26.h5,chb22,0,train
chb22_08.h5,chb22,0,train
chb22_11.h5,chb22,0,train
chb22_18.h5,chb22,0,train
chb22_24.h5,chb22,0,train
chb22_07.h5,chb22,0,train
chb22_20.h5,chb22,1,test
chb22_10.h5,chb22,0,test
chb22_51.h5,chb22,0,test
chb22_09.h5,chb22,0,test
chb22_27.h5,chb22,0,test
chb22_01.h5,chb22,0,test
chb22_16.h5,chb22,0,test
chb22_22.h5,chb22,0,test
chb22_28.h5,chb22,0,test
chb22_15.h5,chb22,0,test
chb23_08.h5,chb23,1,train
chb23_09.h5,chb23,1,train
chb23_20.h5,chb23,0,train
chb23_16.h5,chb23,0,train
chb23_19.h5,chb23,0,train
chb23_17.h5,chb23,0,train
chb23_06.h5,chb23,1,test
chb23_07.h5,chb23,0,test
chb23_10.h5,chb23,0,test
chb24_03.h5,chb24,1,train
chb24_04.h5,chb24,1,train
chb24_06.h5,chb24,1,train
chb24_07.h5,chb24,1,train
chb24_09.h5,chb24,1,train
chb24_11.h5,chb24,1,train
chb24_13.h5,chb24,1,train
chb24_21.h5,chb24,1,train
chb24_02.h5,chb24,0,train
chb24_19.h5,chb24,0,train
chb24_08.h5,chb24,0,train
chb24_22.h5,chb24,0,train
chb24_12.h5,chb24,0,train
chb24_10.h5,chb24,0,train
chb24_18.h5,chb24,0,train
chb24_17.h5,chb24,1,test
chb24_15.h5,chb24,1,test
chb24_01.h5,chb24,1,test
chb24_14.h5,chb24,1,test
chb24_20.h5,chb24,0,test
chb24_05.h5,chb24,0,test
chb24_16.h5,chb24,0,test
