config,C,gamma,percentile,patient,use_all_files,n_train,n_test,test_pos,roc_auc,auprc,baseline_auprc,seg_accuracy,seg_specificity,seg_sensitivity,seg_precision,seg_f1,tn,fp,fn,tp
A10,0.1,scale,2,chb01,False,8594,955,18,0.996264674493063,0.7471926970804681,0.018848167539267015,0.9738219895287958,0.9733191035218783,1.0,0.4186046511627907,0.5901639344262295,912,25,0,18
B10,0.1,0.01,2,chb01,False,8594,955,18,0.9938930392505633,0.6989015869414783,0.018848167539267015,0.9675392670157068,0.967982924226254,0.9444444444444444,0.3617021276595745,0.5230769230769231,907,30,1,17
C10,0.1,0.1,2,chb01,False,8594,955,18,0.9963832562551879,0.8342458430583453,0.018848167539267015,0.9905759162303664,0.9946638207043756,0.7777777777777778,0.7368421052631579,0.7567567567567568,932,5,4,14
D10,1.0,scale,2,chb01,False,8594,955,18,0.9985770188545002,0.8826873371249017,0.018848167539267015,0.9958115183246073,0.9957310565635006,1.0,0.8181818181818182,0.9,933,4,0,18
E10,1.0,0.01,2,chb01,False,8594,955,18,0.996383256255188,0.7844162337299593,0.018848167539267015,0.9832460732984293,0.9829242262540021,1.0,0.5294117647058824,0.6923076923076923,921,16,0,18
F10,1.0,0.1,2,chb01,False,8594,955,18,0.9982212735681253,0.9023985445812073,0.018848167539267015,0.9884816753926702,1.0,0.3888888888888889,1.0,0.56,937,0,11,7
G10,10.0,scale,2,chb01,False,8594,955,18,0.9995849638325626,0.9753039456148334,0.018848167539267015,0.9979057591623036,0.9989327641408752,0.9444444444444444,0.9444444444444444,0.9444444444444444,936,1,1,17
H10,10.0,0.01,2,chb01,False,8594,955,18,0.9994070911893751,0.9725807915758897,0.018848167539267015,0.993717277486911,0.9935965848452508,1.0,0.75,0.8571428571428571,931,6,0,18
I10,10.0,0.1,2,chb01,False,8594,955,18,0.9991699276651251,0.9619476772556483,0.018848167539267015,0.9884816753926702,1.0,0.3888888888888889,1.0,0.56,937,0,11,7
A10,0.1,scale,2,chb02,False,2928,326,7,0.9543215405284371,0.3298171481645922,0.02147239263803681,0.8957055214723927,0.896551724137931,0.8571428571428571,0.15384615384615385,0.2608695652173913,286,33,1,6
B10,0.1,0.01,2,chb02,False,2928,326,7,0.9507389162561577,0.2580297644337053,0.02147239263803681,0.8558282208588958,0.8526645768025078,1.0,0.12962962962962962,0.22950819672131148,272,47,0,7
C10,0.1,0.1,2,chb02,False,2928,326,7,0.9265562024182714,0.19688728056701604,0.02147239263803681,0.9631901840490797,0.9749216300940439,0.42857142857142855,0.2727272727272727,0.3333333333333333,311,8,4,3
D10,1.0,scale,2,chb02,False,2928,326,7,0.955217196596507,0.3033485273492286,0.02147239263803681,0.9601226993865031,0.9686520376175548,0.5714285714285714,0.2857142857142857,0.38095238095238093,309,10,3,4
E10,1.0,0.01,2,chb02,False,2928,326,7,0.9632781012091356,0.3571380187921541,0.02147239263803681,0.9171779141104295,0.9184952978056427,0.8571428571428571,0.1875,0.3076923076923077,293,26,1,6
F10,1.0,0.1,2,chb02,False,2928,326,7,0.9314823107926556,0.2889962491846053,0.02147239263803681,0.9754601226993865,0.9937304075235109,0.14285714285714285,0.3333333333333333,0.2,317,2,6,1
G10,10.0,scale,2,chb02,False,2928,326,7,0.9440214957456337,0.415007215007215,0.02147239263803681,0.9754601226993865,0.987460815047022,0.42857142857142855,0.42857142857142855,0.42857142857142855,315,4,4,3
H10,10.0,0.01,2,chb02,False,2928,326,7,0.9399910434393193,0.38447395459421363,0.02147239263803681,0.9631901840490797,0.9749216300940439,0.42857142857142855,0.2727272727272727,0.3333333333333333,311,8,4,3
I10,10.0,0.1,2,chb02,False,2928,326,7,0.9368562472010749,0.3321041286840136,0.02147239263803681,0.9785276073619632,0.9968652037617555,0.14285714285714285,0.5,0.2222222222222222,318,1,6,1
A10,0.1,scale,2,chb03,False,9053,1006,16,0.9446338383838384,0.17814500972456263,0.015904572564612324,0.8846918489065606,0.8868686868686869,0.75,0.0967741935483871,0.17142857142857143,878,112,4,12
B10,0.1,0.01,2,chb03,False,9053,1006,16,0.9439393939393939,0.32353066557293997,0.015904572564612324,0.8280318091451292,0.8262626262626263,0.9375,0.08021390374331551,0.1477832512315271,818,172,1,15
C10,0.1,0.1,2,chb03,False,9053,1006,16,0.931439393939394,0.14729145059081636,0.015904572564612324,0.9264413518886679,0.9313131313131313,0.625,0.1282051282051282,0.2127659574468085,922,68,6,10
D10,1.0,scale,2,chb03,False,9053,1006,16,0.9512626262626263,0.2268127238221253,0.015904572564612324,0.9433399602385686,0.9484848484848485,0.625,0.16393442622950818,0.2597402597402597,939,51,6,10
E10,1.0,0.01,2,chb03,False,9053,1006,16,0.9513257575757575,0.312853472935054,0.015904572564612324,0.915506958250497,0.9181818181818182,0.75,0.12903225806451613,0.22018348623853212,909,81,4,12
F10,1.0,0.1,2,chb03,False,9053,1006,16,0.8740530303030303,0.21480260695389813,0.015904572564612324,0.9721669980119284,0.9828282828282828,0.3125,0.22727272727272727,0.2631578947368421,973,17,11,5
G10,10.0,scale,2,chb03,False,9053,1006,16,0.95239898989899,0.2951056733756721,0.015904572564612324,0.9731610337972167,0.9808080808080808,0.5,0.2962962962962963,0.37209302325581395,971,19,8,8
H10,10.0,0.01,2,chb03,False,9053,1006,16,0.9580176767676768,0.32500624156345054,0.015904572564612324,0.952286282306163,0.9565656565656566,0.6875,0.2037037037037037,0.3142857142857143,947,43,5,11
I10,10.0,0.1,2,chb03,False,9053,1006,16,0.7804292929292929,0.30200456360105055,0.015904572564612324,0.9831013916500994,0.9939393939393939,0.3125,0.45454545454545453,0.37037037037037035,984,6,11,5
A10,0.1,scale,2,chb04,False,13800,1534,15,0.9738424402018873,0.2523662878841495,0.009778357235984355,0.8794002607561929,0.8782093482554312,1.0,0.075,0.13953488372093023,1334,185,0,15
B10,0.1,0.01,2,chb04,False,13800,1534,15,0.9842001316655695,0.3355692541593765,0.009778357235984355,0.8233376792698827,0.8215931533903884,1.0,0.05244755244755245,0.09966777408637874,1248,271,0,15
C10,0.1,0.1,2,chb04,False,13800,1534,15,0.9618608733816107,0.21402457289548482,0.009778357235984355,0.9517601043024772,0.9552337063857801,0.6,0.11688311688311688,0.1956521739130435,1451,68,6,9
D10,1.0,scale,2,chb04,False,13800,1534,15,0.9710335747202106,0.20778379166980288,0.009778357235984355,0.9550195567144719,0.956550362080316,0.8,0.15384615384615385,0.25806451612903225,1453,66,3,12
E10,1.0,0.01,2,chb04,False,13800,1534,15,0.9795479482115428,0.2816792549638465,0.009778357235984355,0.894393741851369,0.8933508887425938,1.0,0.0847457627118644,0.15625,1357,162,0,15
F10,1.0,0.1,2,chb04,False,13800,1534,15,0.959666447224051,0.23598685163854483,0.009778357235984355,0.9817470664928292,0.9888084265964451,0.26666666666666666,0.19047619047619047,0.2222222222222222,1502,17,11,4
G10,10.0,scale,2,chb04,False,13800,1534,15,0.9745885450954576,0.2752887988880318,0.009778357235984355,0.9791395045632334,0.9835418038183015,0.5333333333333333,0.24242424242424243,0.3333333333333333,1494,25,7,8
H10,10.0,0.01,2,chb04,False,13800,1534,15,0.9819179284617073,0.32230824726692786,0.009778357235984355,0.9465449804432855,0.9466754443712969,0.9333333333333333,0.14736842105263157,0.2545454545454545,1438,81,1,14
I10,10.0,0.1,2,chb04,False,13800,1534,15,0.938424402018872,0.2681096647123363,0.009778357235984355,0.9889178617992177,0.9973666886109283,0.13333333333333333,0.3333333333333333,0.19047619047619047,1515,4,13,2
A10,0.1,scale,2,chb05,False,6466,719,22,0.9782183383331159,0.6364601380240872,0.030598052851182198,0.9415855354659249,0.9426111908177905,0.9090909090909091,0.3333333333333333,0.4878048780487805,657,40,2,20
B10,0.1,0.01,2,chb05,False,6466,719,22,0.9803052041215599,0.767328263881019,0.030598052851182198,0.9346314325452016,0.9354375896700143,0.9090909090909091,0.3076923076923077,0.45977011494252873,652,45,2,20
C10,0.1,0.1,2,chb05,False,6466,719,22,0.9664797182731186,0.6166903894064895,0.030598052851182198,0.9401947148817803,0.9411764705882353,0.9090909090909091,0.32786885245901637,0.4819277108433735,656,41,2,20
D10,1.0,scale,2,chb05,False,6466,719,22,0.9829790009130038,0.6712113523250146,0.030598052851182198,0.9763560500695411,0.9813486370157819,0.8181818181818182,0.5806451612903226,0.6792452830188679,684,13,4,18
E10,1.0,0.01,2,chb05,False,6466,719,22,0.9862397287074476,0.7088855824618456,0.030598052851182198,0.952712100139082,0.9540889526542324,0.9090909090909091,0.38461538461538464,0.5405405405405406,665,32,2,20
F10,1.0,0.1,2,chb05,False,6466,719,22,0.9700665188470067,0.6995454781017102,0.030598052851182198,0.9749652294853964,1.0,0.18181818181818182,1.0,0.3076923076923077,697,0,18,4
G10,10.0,scale,2,chb05,False,6466,719,22,0.9863701578192252,0.8236793769161972,0.030598052851182198,0.9888734353268428,0.9956958393113343,0.7727272727272727,0.85,0.8095238095238095,694,3,5,17
H10,10.0,0.01,2,chb05,False,6466,719,22,0.9851310812573366,0.7373562949902501,0.030598052851182198,0.9749652294853964,0.9813486370157819,0.7727272727272727,0.5666666666666667,0.6538461538461539,684,13,5,17
I10,10.0,0.1,2,chb05,False,6466,719,22,0.9697404460675623,0.7622767604814968,0.030598052851182198,0.9735744089012517,1.0,0.13636363636363635,1.0,0.24,697,0,19,3
