Patient,Total windows,Total seizure windows,ROC-AUC,AP,Segment Sensitivity,Segment Precision,Segment F1,TP,FP,FN,Median C,Median gamma,Median k_feat,Median k
chb01,58265,180,0.987823536911896,0.3596204414250181,0.7277777777777777,0.30045871559633025,0.4253246753246753,131,305,49,10.0,0.001,60.0,3.0
chb02,66515,70,0.7557571528262387,0.1054044356033773,0.2857142857142857,0.046948356807511735,0.08064516129032258,20,406,50,100.0,0.001,100.0,3.0
chb03,69489,163,0.9031994655185211,0.1315747806852312,0.32515337423312884,0.0537525354969574,0.09225413402959096,53,933,110,1.0,0.001,80.0,3.0
chb04,294392,152,0.8779319702840308,0.1154425237852588,0.24342105263157895,0.018762677484787018,0.03483992467043314,37,1935,115,0.1,0.01,100.0,3.0
chb05,72368,224,0.9672609221965446,0.7447990432441499,0.6160714285714286,0.18548387096774194,0.28512396694214875,138,606,86,1.0,0.001,100.0,3.0
chb06,115647,64,0.8562239221140473,0.1698959155856623,0.34375,0.059782608695652176,0.10185185185185186,22,346,42,100.0,0.01,80.0,3.0
chb07,124646,150,0.7870731521445445,0.1260147889459454,0.25333333333333335,0.032534246575342464,0.057663125948406675,38,1130,112,1000.0,0.0001,40.0,3.0
chb08,30192,367,0.90289647704861,0.5799746329438995,0.44959128065395093,0.2451708766716196,0.3173076923076923,165,508,202,1.0,0.001,100.0,3.0
chb09,119988,111,0.9504085257548848,0.6352055805061313,0.5045045045045045,0.21455938697318008,0.3010752688172043,56,205,55,0.1,0.001,100.0,3.0
chb10,81559,177,0.9804735617500798,0.537413364572625,0.5875706214689266,0.3501683501683502,0.43881856540084385,104,193,73,1000.0,0.001,80.0,3.0
chb11,58637,323,0.9636452031114952,0.714166911019232,0.2693498452012384,0.14695945945945946,0.19016393442622953,87,505,236,1.0,0.0001,40.0,3.0
chb12,31647,401,0.8696739568589188,0.406594556076444,0.4164588528678304,0.20266990291262135,0.27265306122448973,167,657,234,10.0,0.001,60.0,3.0
chb13,59421,216,0.4811937838577217,0.01921786140480435,0.12037037037037036,0.02620967741935484,0.043046357615894044,26,966,190,100.0,0.001,100.0,3.0
chb14,46482,68,0.9355928255299324,0.2576059187683443,0.2647058823529412,0.07114624505928854,0.1121495327102804,18,235,50,100.0,0.0001,100.0,3.0
chb15,69494,801,0.9128625285345708,0.3981155228623596,0.5493133583021224,0.20608899297423888,0.2997275204359673,440,1695,361,1.0,0.0001,80.0,3.0
chb16,33543,39,0.6396945586780213,0.00604266763096825,0.02564102564102564,0.004201680672268907,0.007220216606498195,1,237,38,1000.0,0.0001,60.0,4.0
chb17,37689,118,0.8505829169640733,0.1987873482312618,0.1864406779661017,0.07913669064748201,0.11111111111111109,22,256,96,10.0,0.001,80.0,4.0
chb18,65606,127,0.8082624287659492,0.3281692945894976,0.41732283464566927,0.23660714285714285,0.301994301994302,53,171,74,1.0,0.001,80.0,4.0
chb19,55967,95,0.8557977617345389,0.0970711674447016,0.28421052631578947,0.031877213695395513,0.057324840764331204,27,820,68,0.1,0.01,100.0,4.0
chb20,49753,119,0.9674531788339131,0.40127692955390887,0.5042016806722689,0.1284796573875803,0.20477815699658702,60,407,59,1000.0,0.0001,80.0,4.0
chb21,61096,79,0.9750244033172792,0.6718886811565857,0.6075949367088608,0.18045112781954886,0.2782608695652174,48,218,31,10.0,0.0001,80.0,4.0
chb22,57991,83,0.9880868129275772,0.7326619615692658,0.6987951807228916,0.3372093023255814,0.4549019607843137,58,114,25,1.0,0.001,60.0,4.0
chb23,46662,173,0.9916130154863406,0.6430712028433276,0.6589595375722543,0.25277161862527714,0.3653846153846154,114,337,59,1.0,0.001,40.0,4.0
chb24,35063,169,0.9907164889521367,0.6791473032958489,0.40236686390532544,0.37158469945355194,0.38636363636363635,68,115,101,0.1,0.0001,100.0,4.0
