patient,recs,sz_recs,prevalence,auc,ap,sensitivity,precision,f1,fp_per_1k
chb01,42,7,0.31,0.949,0.547,0.728,0.3,0.425,5.2
chb02,36,3,0.11,0.745,0.18,0.286,0.047,0.081,6.1
chb03,38,7,0.23,0.903,0.207,0.325,0.054,0.092,13.4
chb04,42,3,0.05,0.894,0.19,0.243,0.019,0.035,6.6
chb05,39,5,0.31,0.954,0.66,0.616,0.185,0.285,8.4
chb06,18,7,0.06,0.764,0.175,0.344,0.06,0.102,3.0
chb07,19,3,0.12,0.767,0.157,0.253,0.033,0.058,9.1
chb08,20,5,1.22,0.843,0.509,0.45,0.245,0.317,16.8
chb09,19,3,0.09,0.955,0.555,0.505,0.215,0.301,1.7
chb10,25,7,0.22,0.955,0.612,0.588,0.35,0.439,2.4
chb11,35,3,0.55,0.936,0.671,0.269,0.147,0.19,8.6
chb12,21,10,1.27,0.869,0.398,0.416,0.203,0.273,20.8
chb13,33,8,0.36,0.509,0.033,0.12,0.026,0.043,16.3
chb14,26,7,0.15,0.931,0.266,0.265,0.071,0.112,5.1
chb15,40,14,1.15,0.871,0.44,0.549,0.206,0.3,24.4
chb16,19,6,0.12,0.631,0.015,0.026,0.004,0.007,7.1
chb17,21,3,0.31,0.782,0.296,0.186,0.079,0.111,6.8
chb18,36,6,0.19,0.769,0.372,0.417,0.237,0.302,2.6
chb19,30,3,0.17,0.843,0.15,0.284,0.032,0.057,14.7
chb20,29,6,0.24,0.969,0.477,0.504,0.128,0.205,8.2
chb21,33,4,0.13,0.965,0.664,0.608,0.18,0.278,3.6
chb22,31,3,0.14,0.978,0.813,0.699,0.337,0.455,2.0
chb23,9,3,0.37,0.984,0.668,0.659,0.253,0.365,7.2
chb24,22,12,0.48,0.936,0.668,0.402,0.372,0.386,3.3
