C,gamma,k_feat,patient,total_length_hours,TP,FP,FN,sensitivity,precision,f1,sample_TP,sample_FP,sample_FN,sample_sensitivity,sample_precision,sample_f1,FP/day,FP/hour,latency_median,n_detected,mean_fold_roc_auc,mean_fold_ap,sens_k2,f1_k2,fpday_k2,sens_k3,f1_k3,fpday_k3,sens_k4,f1_k4,fpday_k4,sens_k1,f1_k1,fpday_k1
10.0,0.001,60,chb01,40.54930555555556,7,18,0,1.0,0.28,0.4375,357,729,85,0.8076923076923077,0.3287292817679558,0.4672774869109947,10.65369663133017,0.4439040263054238,14.0,7,0.9491641155870404,0.5473395464549258,1.0,0.3255813953488372,17.16428901714305,1.0,0.4375,10.65369663133017,1.0,0.5384615384615384,7.10246442088678,,,
100.0,0.001,100,chb02,46.265972222222224,2,15,1,0.6666666666666666,0.1176470588235294,0.2,64,257,108,0.3720930232558139,0.1993769470404984,0.2596348884381338,7.781096618284977,0.3242123590952073,39.0,2,0.7453016482311771,0.180139949524829,1.0,0.1034482758620689,26.97446827672125,0.6666666666666666,0.2,7.781096618284977,0.3333333333333333,0.1818181818181818,3.6311784218663226,,,
1.0,0.001,80,chb03,48.33541666666667,5,54,2,0.7142857142857143,0.0847457627118644,0.1515151515151515,120,1193,282,0.2985074626865671,0.0913937547600914,0.1399416909620991,26.812637386319555,1.1171932244299814,33.0,5,0.903359372284848,0.2069525777815896,1.0,0.1044776119402985,59.58363863626568,0.7142857142857143,0.1515151515151515,26.812637386319555,0.2857142857142857,0.1428571428571428,9.434076117408733,,,
0.1,0.01,100,chb04,204.5263888888889,4,78,0,1.0,0.048780487804878,0.0930232558139534,128,1389,250,0.3386243386243386,0.084377059986816,0.1350923482849604,9.152853136310853,0.3813688806796189,26.25,4,0.8942492193899385,0.1900104792293802,1.0,0.029090909090909,31.33092035121792,1.0,0.0930232558139534,9.152853136310853,0.75,0.1818181818181818,3.050951045436951,,,
1.0,0.001,100,chb05,50.33680555555556,5,33,0,1.0,0.131578947368421,0.2325581395348837,390,648,168,0.6989247311827957,0.3757225433526011,0.4887218045112782,15.73401393391736,0.6555839139132235,18.0,5,0.9537139364982308,0.6598585141707458,1.0,0.0934579439252336,46.24846519969648,1.0,0.2325581395348837,15.73401393391736,0.8,0.3809523809523809,5.721459612333586,,,
100.0,0.01,80,chb06,80.34791666666666,4,9,6,0.4,0.3076923076923077,0.3478260869565217,56,171,97,0.3660130718954248,0.2466960352422907,0.2947368421052632,2.688308657660694,0.1120128607358622,15.5,4,0.7640407189955324,0.1754599911112059,0.7,0.25,11.649337516529677,0.4,0.3478260869565217,2.688308657660694,0.2,0.2857142857142857,0.5974019239245987,1.0,0.0938967136150234,57.64928565872378
1000.0,0.0001,40,chb07,86.59930555555556,2,95,1,0.6666666666666666,0.0206185567010309,0.04,73,1978,252,0.2246153846153846,0.0355923939541686,0.0614478114478114,26.3281556979383,1.097006487414096,13.75,2,0.7667229223031163,0.1565317306544247,0.6666666666666666,0.0204081632653061,52.93344987690753,0.6666666666666666,0.04,26.3281556979383,0.6666666666666666,0.0769230769230769,13.025508608453686,0.6666666666666666,0.0089686098654708,122.2180701346399
1.0,0.001,100,chb08,21.008333333333333,5,32,0,1.0,0.1351351351351351,0.2380952380952381,462,962,457,0.5027203482045702,0.324438202247191,0.3943661971830986,36.55692185640618,1.523205077350258,25.5,5,0.8430255359934404,0.5093038850666753,1.0,0.1515151515151515,63.97461324871082,1.0,0.2380952380952381,36.55692185640618,1.0,0.3571428571428571,20.56326854422848,1.0,0.0793650793650793,132.51884172947243
0.1,0.001,100,chb09,83.36458333333333,3,20,1,0.75,0.1304347826086956,0.2222222222222221,157,335,119,0.5688405797101449,0.3191056910569105,0.4088541666666666,5.757840809696364,0.2399100337373485,24.0,3,0.954514419608616,0.5548068481406919,1.0,0.1702127659574468,11.22778957890791,0.75,0.2222222222222221,5.757840809696364,0.75,0.4285714285714285,2.015244283393728,1.0,0.0695652173913043,30.804448331875548
1000.0,0.001,80,chb10,56.69027777777778,6,15,1,0.8571428571428571,0.2857142857142857,0.4285714285714285,295,246,152,0.6599552572706935,0.5452865064695009,0.597165991902834,6.350295220128868,0.2645956341720361,17.5,6,0.9545236056297672,0.6117651119836561,1.0,0.3181818181818182,12.700590440257736,0.8571428571428571,0.4285714285714285,6.350295220128868,0.8571428571428571,0.7058823529411764,1.6934120587010315,1.0,0.1138211382113821,46.14547859960311
1.0,0.0001,40,chb11,40.793055555555554,5,47,0,1.0,0.0961538461538461,0.175438596491228,255,1207,551,0.3163771712158809,0.1744186046511628,0.2248677248677248,27.651765346770624,1.152156889448776,1.0,3,0.9358406657869258,0.6706437007040771,1.0,0.1219512195121951,42.36015116952096,1.0,0.175438596491228,27.651765346770624,1.0,0.2564102564102564,17.061727554390387,,,
10.0,0.001,60,chb12,22.02083333333333,22,34,5,0.8148148148148148,0.3928571428571428,0.5301204819277108,486,942,503,0.4914054600606673,0.3403361344537815,0.4021514273893256,37.0558183538316,1.54399243140965,15.5,22,0.8691090445908956,0.3979541115345992,0.9629629629629628,0.3909774436090225,87.19016083254493,0.8148148148148148,0.5301204819277108,37.0558183538316,0.6296296296296297,0.5666666666666667,17.43803216650899,1.0,0.24,186.3689687795648
100.0,0.001,100,chb13,41.333333333333336,5,33,7,0.4166666666666667,0.131578947368421,0.1999999999999999,81,1750,454,0.1514018691588785,0.0442381212452211,0.0684699915469146,19.161290322580644,0.7983870967741935,58.5,5,0.5086942919752349,0.0327345611967528,0.4166666666666667,0.1098901098901099,42.96774193548387,0.4166666666666667,0.1999999999999999,19.161290322580644,0.4166666666666667,0.2564102564102564,12.774193548387096,0.5,0.0571428571428571,111.48387096774194
100.0,0.0001,100,chb14,32.333333333333336,3,13,5,0.375,0.1875,0.25,24,266,145,0.1420118343195266,0.0827586206896551,0.1045751633986928,9.649484536082474,0.402061855670103,14.0,3,0.9313933863854602,0.265927134770539,0.75,0.2142857142857142,31.17525773195876,0.375,0.25,9.649484536082474,0.0,0.0,2.22680412371134,0.875,0.1147540983606557,79.42268041237112
1.0,0.0001,80,chb15,48.34305555555556,17,103,3,0.85,0.1416666666666666,0.2428571428571428,1223,3860,769,0.6139558232931727,0.2406059413732048,0.3457243816254416,51.13454190249088,2.130605912603787,14.0,17,0.8712330191969662,0.4397630875863219,0.85,0.1666666666666666,82.90746114287357,0.85,0.2428571428571428,51.13454190249088,0.8,0.3106796116504854,33.26227482977562,0.95,0.1237785016286645,133.04909931910248
1000.0,0.0001,60,chb16,23.33333333333333,0,5,10,0.0,0.0,0.0,0,89,84,0.0,0.0,0.0,5.142857142857143,0.2142857142857143,,0,0.630833011001447,0.0146920805991495,0.1,0.048780487804878,30.857142857142858,0.0,0.0,8.22857142857143,0.0,0.0,5.142857142857143,0.3,0.048780487804878,113.14285714285714
10.0,0.001,80,chb17,26.216666666666665,2,4,1,0.6666666666666666,0.3333333333333333,0.4444444444444444,59,75,234,0.2013651877133105,0.4402985074626865,0.2763466042154567,3.661792752701844,0.1525746980292434,42.25,2,0.7824876498152138,0.2959389158749229,1.0,0.1428571428571428,32.956134774316595,0.6666666666666666,0.2352941176470588,10.98537825810553,0.6666666666666666,0.4444444444444444,3.661792752701844,1.0,0.0625,82.39033693579148
1.0,0.001,80,chb18,45.63472222222222,4,7,2,0.6666666666666666,0.3636363636363636,0.4705882352941177,144,201,173,0.4542586750788643,0.417391304347826,0.4350453172205438,3.681407310466567,0.1533919712694403,22.5,4,0.769060450937782,0.3715720759053951,0.6666666666666666,0.2105263157894736,14.725629241866269,0.6666666666666666,0.3076923076923076,8.41464528106644,0.6666666666666666,0.4705882352941177,3.681407310466567,0.8333333333333334,0.15625,27.87351249353258
0.1,0.01,100,chb19,38.92847222222223,1,27,2,0.3333333333333333,0.0357142857142857,0.064516129032258,23,572,213,0.097457627118644,0.0386554621848739,0.0553549939831528,16.645913980412793,0.6935797491838663,38.5,1,0.8431231890376227,0.1497384340198445,1.0,0.054054054054054,64.73410992382753,1.0,0.09375,35.757889291257115,0.3333333333333333,0.064516129032258,16.645913980412793,1.0,0.0309278350515463,115.90488253028168
1000.0,0.0001,80,chb20,34.611111111111114,6,8,2,0.75,0.4285714285714285,0.5454545454545454,110,226,184,0.3741496598639456,0.3273809523809524,0.3492063492063492,5.547351524879615,0.2311396468699839,31.25,6,0.9688661571270948,0.4774144126455071,0.875,0.2121212121212121,35.364365971107546,0.875,0.4516129032258065,11.09470304975923,0.75,0.5454545454545454,5.547351524879615,0.875,0.0813953488372093,108.86677367576245
10.0,0.0001,80,chb21,42.49652777777778,3,6,1,0.75,0.3333333333333333,0.4615384615384615,128,245,71,0.6432160804020101,0.3431635388739946,0.4475524475524475,3.388512133344228,0.1411880055560094,32.0,3,0.9654518302669448,0.6643446450706656,1.0,0.2352941176470588,14.683552577824983,1.0,0.4210526315789474,6.212272244464417,0.75,0.4615384615384615,3.388512133344228,1.0,0.0792079207920792,52.52193806683552
1.0,0.001,60,chb22,40.33611111111111,3,2,0,1.0,0.6,0.7499999999999999,146,42,58,0.7156862745098039,0.776595744680851,0.7448979591836735,1.190000688657806,0.0495833620274085,33.0,3,0.97797207932576,0.8126882760919475,1.0,0.2307692307692307,11.90000688657806,1.0,0.4285714285714285,4.760002754631224,1.0,0.7499999999999999,1.190000688657806,1.0,0.0923076923076923,35.10502031540528
1.0,0.001,40,chb23,32.422916666666666,7,14,0,1.0,0.3333333333333333,0.5,327,385,97,0.7712264150943396,0.4592696629213483,0.5757042253521126,10.363040544882091,0.4317933560367538,20.0,7,0.9842464517251855,0.6680336388480875,1.0,0.2121212121212121,38.4912934524192,1.0,0.3333333333333333,20.726081089764183,1.0,0.5,10.363040544882091,1.0,0.1111111111111111,82.90432435905674
0.1,0.0001,100,chb24,24.395138888888887,10,16,2,0.8333333333333334,0.3846153846153846,0.5263157894736842,201,378,214,0.4843373493975904,0.3471502590673575,0.4044265593561368,15.74084090068035,0.6558683708616813,13.75,10,0.935612086604536,0.6682944597645456,0.9166666666666666,0.4888888888888888,21.64365623843548,0.8333333333333334,0.4878048780487806,18.692248569557915,0.8333333333333334,0.5263157894736842,15.74084090068035,1.0,0.4528301886792452,28.53027413248313
