C,gamma,percentile,patient,total_length_hours,TP,FP,FN,sensitivity,precision,f1,FP/day,FP/hour,latency_median,n_detected,mean_fold_roc_auc,mean_fold_ap
10,0.001,100,chb01,40.54930555555556,6,9,1,0.8571428571428571,0.4,0.5454545454545455,5.326848315665085,0.2219520131527119,21.5,6,0.936450672302591,0.5687418483961564
10,0.001,100,chb02,46.265972222222224,1,6,2,0.3333333333333333,0.1428571428571428,0.2,3.1124386473139904,0.1296849436380829,40.0,1,0.7616464699157008,0.1709816468942654
10,0.001,100,chb03,48.33541666666667,7,10,0,1.0,0.4117647058823529,0.5833333333333334,4.965303219688806,0.2068876341537002,40.0,7,0.929312753401262,0.3310716540658286
10,0.001,100,chb04,204.5263888888889,4,35,0,1.0,0.1025641025641025,0.1860465116279069,4.107049484242049,0.1711270618434187,58.5,4,0.8442068347711409,0.1718392653502069
10,0.001,100,chb05,50.33680555555556,5,6,0,1.0,0.4545454545454545,0.625,2.860729806166793,0.1191970752569497,39.5,5,0.9494899322388888,0.6335874490097908
10,0.001,100,chb06,80.34791666666666,0,24,10,0.0,0.0,0.0,7.168823087095185,0.2987009619622994,,0,0.8239977254887199,0.0686719565238291
10,0.001,100,chb07,86.59930555555556,2,18,1,0.6666666666666666,0.1,0.1739130434782609,4.988492658556731,0.2078538607731971,25.0,2,0.8266821842936869,0.2933736657377826
10,0.001,100,chb08,21.008333333333333,4,2,1,0.8,0.6666666666666666,0.7272727272727272,2.2848076160253865,0.0952003173343911,54.25,4,0.8929179991208042,0.4816376793288229
10,0.001,100,chb09,83.36458333333333,4,10,0,1.0,0.2857142857142857,0.4444444444444445,2.878920404848182,0.1199550168686742,28.75,4,0.9609628041683336,0.5873320660359661
10,0.001,100,chb10,56.69027777777778,6,24,1,0.8571428571428571,0.2,0.3243243243243243,10.160472352206188,0.4233530146752578,16.25,6,0.965059362752428,0.5381901661756011
10,0.001,100,chb11,40.793055555555554,5,10,0,1.0,0.3333333333333333,0.5,5.883354329100133,0.2451397637125055,2.0,3,0.8798216990294337,0.3755510158987782
10,0.001,100,chb12,22.02083333333333,18,8,9,0.6666666666666666,0.6923076923076923,0.6792452830188679,8.719016083254495,0.3632923368022706,25.0,18,0.8576464854302909,0.3601564193939893
10,0.001,100,chb13,41.333333333333336,1,5,11,0.0833333333333333,0.1666666666666666,0.1111111111111111,2.9032258064516125,0.1209677419354838,4.5,1,0.5992240689721099,0.039688144599671
10,0.001,100,chb14,32.333333333333336,4,8,4,0.5,0.3333333333333333,0.4,5.9381443298969065,0.2474226804123711,15.5,4,0.9552265502485504,0.2623006115407827
10,0.001,100,chb15,48.34305555555556,16,10,4,0.8,0.6153846153846154,0.6956521739130435,4.964518631309795,0.2068549429712414,35.5,16,0.9286211276743488,0.6223785714237937
10,0.001,100,chb16,23.33333333333333,0,4,10,0.0,0.0,0.0,4.114285714285715,0.1714285714285714,,0,0.621293747431277,0.018319908667577
10,0.001,100,chb17,26.216666666666665,2,15,1,0.6666666666666666,0.1176470588235294,0.2,13.731722822631914,0.572155117609663,30.75,2,0.8461005406952716,0.4147587662766758
10,0.001,100,chb18,45.63472222222222,4,4,2,0.6666666666666666,0.5,0.5714285714285715,2.10366132026661,0.0876525550111087,22.5,4,0.808768240468801,0.5204956473460466
10,0.001,100,chb19,38.92847222222223,1,3,2,0.3333333333333333,0.25,0.2857142857142857,1.849545997823644,0.0770644165759851,56.0,1,0.7305844092077769,0.2192879562791458
10,0.001,100,chb20,34.611111111111114,6,11,2,0.75,0.3529411764705882,0.48,7.62760834670947,0.3178170144462279,0.5,6,0.944574607552187,0.2874085890664061
10,0.001,100,chb21,42.49652777777778,3,4,1,0.75,0.4285714285714285,0.5454545454545454,2.2590080888961515,0.0941253370373396,27.0,3,0.9566685650802758,0.547630877757636
10,0.001,100,chb22,40.33611111111111,3,2,0,1.0,0.6,0.7499999999999999,1.190000688657806,0.0495833620274085,13.0,3,0.9622391789617653,0.7814639490727698
10,0.001,100,chb23,32.422916666666666,6,4,1,0.8571428571428571,0.6,0.7058823529411764,2.9608687271091694,0.1233695302962153,20.5,6,0.9755213332857824,0.6075666437685268
10,0.001,100,chb24,24.395138888888887,5,9,7,0.4166666666666667,0.3571428571428571,0.3846153846153846,8.854223006632697,0.3689259586096957,22.0,5,0.9447533174687454,0.4495179092288969
