C,gamma,percentile,patient,record,n_windows,n_seizure_windows,record_length,threshold,k,roc_auc,ap,seg_accuracy,seg_specificity,seg_sensitivity,seg_precision,seg_f1,tp,fp,fn
10,0.001,100,chb01,chb01_03,1437,16,3600.0,-0.8667212186475396,8,0.9658251231527092,0.2553942124137585,0.9874739039665972,0.9971850809289232,0.125,0.3333333333333333,0.1818181818181818,2,4,14
10,0.001,100,chb01,chb01_04,1437,11,3600.0,-0.8511431259281047,6,0.9965574397551956,0.7322580645161291,0.9937369519832986,0.9978962131837308,0.4545454545454545,0.625,0.5263157894736842,5,3,6
10,0.001,100,chb01,chb01_15,1437,16,3600.0,-0.883289611316479,6,0.6964285714285714,0.0330656715056511,0.9819067501739736,0.9929627023223082,0.0,0.0,,0,10,16
10,0.001,100,chb01,chb01_16,1437,21,3600.0,-0.8637612419055468,6,0.9218455743879472,0.264319442501561,0.9832985386221296,0.9978813559322034,0.0,0.0,,0,3,21
10,0.001,100,chb01,chb01_18,1437,37,3600.0,0.0246118116182361,1,0.996853281853282,0.916277842792995,0.9812108559498957,1.0,0.2702702702702703,1.0,0.4255319148936171,10,0,27
10,0.001,100,chb01,chb01_21,1437,38,3600.0,0.0542641628111398,1,0.99614386215718,0.8771786177978066,0.9791231732776616,0.9992852037169406,0.2368421052631578,0.9,0.375,9,1,29
10,0.001,100,chb01,chb01_26,927,41,2325.0,0.0055277800196111,1,0.9815008533832515,0.9026990872451932,0.9633225458468176,1.0,0.1707317073170731,1.0,0.2916666666666667,7,0,34
10,0.001,100,chb01,chb01_01,1437,0,3600.0,-0.8323467572554296,6,,,,,,,,0,0,0
10,0.001,100,chb01,chb01_02,1437,0,3600.0,0.2865723872594076,1,,,,,,,,0,0,0
10,0.001,100,chb01,chb01_05,1437,0,3600.0,-0.8457141516684886,8,,,,,,,,0,0,0
10,0.001,100,chb01,chb01_06,1437,0,3600.0,-0.8367785981931234,6,,,,,,,,0,0,0
10,0.001,100,chb01,chb01_07,1437,0,3600.0,-0.926615985319628,8,,,,,,,,0,0,0
10,0.001,100,chb01,chb01_08,1437,0,3600.0,-0.8435671228657338,8,,,,,,,,0,0,0
10,0.001,100,chb01,chb01_09,1437,0,3600.0,-0.8273281652363073,8,,,,,,,,0,0,0
10,0.001,100,chb01,chb01_10,1437,0,3600.0,-0.8219766577200893,8,,,,,,,,0,0,0
10,0.001,100,chb01,chb01_11,1437,0,3600.0,-0.919434281488992,8,,,,,,,,0,0,0
10,0.001,100,chb01,chb01_12,1437,0,3600.0,-0.8383071839077028,6,,,,,,,,0,0,0
10,0.001,100,chb01,chb01_13,1437,0,3600.0,-0.8362287087511474,6,,,,,,,,0,0,0
10,0.001,100,chb01,chb01_14,1437,0,3600.0,-0.8388946125206993,6,,,,,,,,0,0,0
10,0.001,100,chb01,chb01_17,1437,0,3600.0,-0.92521321287957,6,,,,,,,,0,1,0
10,0.001,100,chb01,chb01_19,1437,0,3600.0,-0.8400918721182662,6,,,,,,,,0,1,0
10,0.001,100,chb01,chb01_20,1062,0,2662.5,-0.8429629252955034,6,,,,,,,,0,0,0
10,0.001,100,chb01,chb01_22,1437,0,3600.0,-0.8403406887201831,6,,,,,,,,0,0,0
10,0.001,100,chb01,chb01_23,1437,0,3600.0,0.2932898393854842,1,,,,,,,,0,0,0
10,0.001,100,chb01,chb01_24,1437,0,3600.0,-0.9206914316426348,8,,,,,,,,0,0,0
10,0.001,100,chb01,chb01_25,1437,0,3600.0,-0.9282965362002388,6,,,,,,,,0,0,0
10,0.001,100,chb01,chb01_27,237,0,600.0,-0.8370538710832621,8,,,,,,,,0,0,0
10,0.001,100,chb01,chb01_29,1437,0,3600.0,-0.8503120471248101,6,,,,,,,,0,0,0
10,0.001,100,chb01,chb01_30,1437,0,3600.0,0.3278194690527857,1,,,,,,,,0,0,0
10,0.001,100,chb01,chb01_31,1437,0,3600.0,-0.9240248158461372,8,,,,,,,,0,0,0
10,0.001,100,chb01,chb01_32,1437,0,3600.0,-0.838387908993781,8,,,,,,,,0,0,0
10,0.001,100,chb01,chb01_33,1437,0,3600.0,-0.8312908270147621,8,,,,,,,,0,0,0
10,0.001,100,chb01,chb01_34,1437,0,3600.0,-0.8527786659071256,6,,,,,,,,0,0,0
10,0.001,100,chb01,chb01_36,1437,0,3600.0,-0.8359030087141218,6,,,,,,,,0,0,0
10,0.001,100,chb01,chb01_37,1437,0,3600.0,-0.9221591670705936,8,,,,,,,,0,0,0
10,0.001,100,chb01,chb01_38,1437,0,3600.0,0.311834172352214,1,,,,,,,,0,0,0
10,0.001,100,chb01,chb01_39,1437,0,3600.0,-0.8452677301640531,8,,,,,,,,0,0,0
10,0.001,100,chb01,chb01_40,1437,0,3600.0,-0.921812516112636,8,,,,,,,,0,0,0
10,0.001,100,chb01,chb01_41,1437,0,3600.0,-0.923830764560155,8,,,,,,,,0,0,0
10,0.001,100,chb01,chb01_42,1433,0,3590.0,-0.8392374172623346,8,,,,,,,,0,0,0
10,0.001,100,chb01,chb01_43,1437,0,3600.0,-0.8476851175333213,8,,,,,,,,0,0,0
10,0.001,100,chb01,chb01_46,1437,0,3600.0,-0.9320125972451342,8,,,,,,,,0,0,0
10,0.001,100,chb02,chb02_16+,1437,33,3600.0,-0.6262829752075614,2,0.6943149443149443,0.0995652978183777,0.977035490605428,1.0,0.0,,,0,0,33
10,0.001,100,chb02,chb02_16,380,33,957.5,-0.5481261731646774,2,0.7629901318662126,0.3435640157726718,0.913157894736842,1.0,0.0,,,0,0,33
10,0.001,100,chb02,chb02_19,1437,4,3600.0,-1.1527797010213676,8,0.8276343335659455,0.0698156270917465,0.9972164231036882,1.0,0.0,,,0,0,4
10,0.001,100,chb02,chb02_01,1917,0,4800.0,-0.4472689995685318,3,,,,,,,,0,0,0
10,0.001,100,chb02,chb02_02,1917,0,4800.0,-0.4048314658646697,2,,,,,,,,0,0,0
10,0.001,100,chb02,chb02_03,1917,0,4800.0,-0.380152028868565,2,,,,,,,,0,0,0
10,0.001,100,chb02,chb02_04,1917,0,4800.0,-0.342111361025333,2,,,,,,,,0,0,0
10,0.001,100,chb02,chb02_05,1917,0,4800.0,-0.3972807355652088,2,,,,,,,,0,0,0
10,0.001,100,chb02,chb02_06,1917,0,4800.0,-0.3407955448371741,2,,,,,,,,0,0,0
10,0.001,100,chb02,chb02_07,1917,0,4800.0,-0.9457716142940834,6,,,,,,,,0,0,0
10,0.001,100,chb02,chb02_08,1917,0,4800.0,-0.3801925119643793,2,,,,,,,,0,0,0
10,0.001,100,chb02,chb02_09,1917,0,4800.0,-1.0790738289287685,6,,,,,,,,0,0,0
10,0.001,100,chb02,chb02_10,1917,0,4800.0,-1.1365666626261022,8,,,,,,,,0,0,0
10,0.001,100,chb02,chb02_11,1917,0,4800.0,-1.1265752058441425,8,,,,,,,,0,0,0
10,0.001,100,chb02,chb02_12,1917,0,4800.0,-0.3830499938147622,3,,,,,,,,0,0,0
10,0.001,100,chb02,chb02_13,1917,0,4800.0,-0.4185047822012875,2,,,,,,,,0,0,0
10,0.001,100,chb02,chb02_14,1917,0,4800.0,-0.3724033487335044,2,,,,,,,,0,0,0
10,0.001,100,chb02,chb02_15,1917,0,4800.0,-0.3887293062200872,2,,,,,,,,0,0,0
10,0.001,100,chb02,chb02_17,1917,0,4800.0,-0.9343866870977504,6,,,,,,,,0,0,0
10,0.001,100,chb02,chb02_18,1917,0,4800.0,-0.9479463682674574,6,,,,,,,,0,0,0
10,0.001,100,chb02,chb02_20,1917,0,4800.0,-0.9680714089070483,6,,,,,,,,0,0,0
10,0.001,100,chb02,chb02_21,1917,0,4800.0,-1.1286716292745929,8,,,,,,,,0,0,0
10,0.001,100,chb02,chb02_22,1917,0,4800.0,-1.04741853895602,6,,,,,,,,0,0,0
10,0.001,100,chb02,chb02_23,1917,0,4800.0,-1.1805674113909217,8,,,,,,,,0,0,0
10,0.001,100,chb02,chb02_24,1917,0,4800.0,-1.13638162220713,8,,,,,,,,0,0,0
10,0.001,100,chb02,chb02_25,1917,0,4800.0,-0.4637313380036655,2,,,,,,,,0,0,0
10,0.001,100,chb02,chb02_26,1917,0,4800.0,-1.0713762391633537,8,,,,,,,,0,0,0
10,0.001,100,chb02,chb02_27,1917,0,4800.0,-0.4528206303931269,2,,,,,,,,0,0,0
10,0.001,100,chb02,chb02_28,1917,0,4800.0,-1.128550336040835,8,,,,,,,,0,0,0
10,0.001,100,chb02,chb02_29,1917,0,4800.0,-0.4762499195039431,2,,,,,,,,0,0,0
10,0.001,100,chb02,chb02_30,1917,0,4800.0,-1.0761324746179095,6,,,,,,,,0,0,0
10,0.001,100,chb02,chb02_31,1917,0,4800.0,-1.076431469048421,8,,,,,,,,0,0,0
10,0.001,100,chb02,chb02_32,1917,0,4800.0,-1.069280646111242,8,,,,,,,,0,0,0
10,0.001,100,chb02,chb02_33,1917,0,4800.0,-0.4458240245245471,2,,,,,,,,0,0,0
10,0.001,100,chb02,chb02_34,1917,0,4800.0,-1.0671072509454358,6,,,,,,,,0,0,0
10,0.001,100,chb02,chb02_35,1917,0,4800.0,-1.1263791527893892,8,,,,,,,,0,0,0
10,0.001,100,chb03,chb03_01,1437,21,3600.0,-0.994705235593882,6,0.9507331181059996,0.2887824243044272,0.9853862212943632,0.9992937853107344,0.0476190476190476,0.5,0.0869565217391304,1,1,20
10,0.001,100,chb03,chb03_02,1437,26,3600.0,-1.013578418638103,8,0.9633375129477184,0.4986367763464334,0.9846903270702854,1.0,0.1538461538461538,1.0,0.2666666666666667,4,0,22
10,0.001,100,chb03,chb03_03,1437,28,3600.0,-1.0157861296349595,8,0.9128814762242724,0.2950250933500732,0.9805149617258176,0.9992902767920512,0.0357142857142857,0.5,0.0666666666666666,1,1,27
10,0.001,100,chb03,chb03_04,1437,21,3600.0,-0.8490117566403398,6,0.992635189669088,0.7979283688848713,0.9902574808629088,0.9992937853107344,0.3809523809523809,0.8888888888888888,0.5333333333333333,8,1,13
10,0.001,100,chb03,chb03_34,1437,19,3600.0,-0.0485477211462926,1,0.9312968599213124,0.1803189592857992,0.9860821155184412,0.9992947813822284,0.0,0.0,,0,1,19
10,0.001,100,chb03,chb03_35,1437,26,3600.0,-1.0065069014381236,8,0.928092460339094,0.1559467171790997,0.9791231732776616,0.997165131112686,0.0,0.0,,0,4,26
10,0.001,100,chb03,chb03_36,1437,22,3600.0,-1.0048871577572698,6,0.8262126566013492,0.100863239110096,0.9832985386221296,0.9985865724381624,0.0,0.0,,0,2,22
10,0.001,100,chb03,chb03_05,1917,0,4800.0,-1.049002893758995,8,,,,,,,,0,0,0
10,0.001,100,chb03,chb03_06,1917,0,4800.0,-1.0624383630414544,8,,,,,,,,0,0,0
10,0.001,100,chb03,chb03_07,1917,0,4800.0,-0.952094510685823,8,,,,,,,,0,0,0
10,0.001,100,chb03,chb03_08,1917,0,4800.0,-0.9682199157270812,6,,,,,,,,0,0,0
10,0.001,100,chb03,chb03_09,1917,0,4800.0,-1.053900289706276,8,,,,,,,,0,0,0
10,0.001,100,chb03,chb03_10,1917,0,4800.0,-0.974352578239012,6,,,,,,,,0,0,0
10,0.001,100,chb03,chb03_11,1917,0,4800.0,0.0439238563467375,1,,,,,,,,0,0,0
10,0.001,100,chb03,chb03_12,1917,0,4800.0,-1.058464618795208,8,,,,,,,,0,0,0
10,0.001,100,chb03,chb03_13,1917,0,4800.0,-0.8326248639868198,6,,,,,,,,0,0,0
10,0.001,100,chb03,chb03_14,1917,0,4800.0,-0.8224621230390282,6,,,,,,,,0,0,0
10,0.001,100,chb03,chb03_15,1917,0,4800.0,-0.8324946910455027,6,,,,,,,,0,0,0
10,0.001,100,chb03,chb03_16,1917,0,4800.0,-0.8346123497292525,6,,,,,,,,0,0,0
10,0.001,100,chb03,chb03_17,1917,0,4800.0,-0.8404655621737201,6,,,,,,,,0,1,0
10,0.001,100,chb03,chb03_18,1917,0,4800.0,-0.8212173600257168,6,,,,,,,,0,0,0
10,0.001,100,chb03,chb03_19,1917,0,4800.0,-0.9911853419125434,8,,,,,,,,0,0,0
10,0.001,100,chb03,chb03_20,1920,0,4807.5,-0.8263597811063906,6,,,,,,,,0,2,0
10,0.001,100,chb03,chb03_21,1917,0,4800.0,-1.0713592560050886,8,,,,,,,,0,0,0
10,0.001,100,chb03,chb03_22,1917,0,4800.0,-0.836372018307957,6,,,,,,,,0,0,0
10,0.001,100,chb03,chb03_23,1917,0,4800.0,-0.8235617580941503,6,,,,,,,,0,0,0
10,0.001,100,chb03,chb03_24,1917,0,4800.0,-0.9688415065453538,6,,,,,,,,0,0,0
10,0.001,100,chb03,chb03_25,1917,0,4800.0,-0.8279117718955885,6,,,,,,,,0,1,0
10,0.001,100,chb03,chb03_26,1917,0,4800.0,-1.066044990068755,8,,,,,,,,0,2,0
10,0.001,100,chb03,chb03_27,1917,0,4800.0,-1.055607147578113,8,,,,,,,,0,1,0
10,0.001,100,chb03,chb03_28,1917,0,4800.0,-1.0712095448032863,8,,,,,,,,0,1,0
10,0.001,100,chb03,chb03_29,1917,0,4800.0,-0.8185519900025644,6,,,,,,,,0,1,0
10,0.001,100,chb03,chb03_30,1917,0,4800.0,-0.8115519475776161,6,,,,,,,,0,0,0
10,0.001,100,chb03,chb03_31,1917,0,4800.0,-0.8234106601237186,6,,,,,,,,0,0,0
10,0.001,100,chb03,chb03_32,1917,0,4800.0,-0.0390758618837401,1,,,,,,,,0,1,0
10,0.001,100,chb03,chb03_33,1917,0,4800.0,-0.0188567248914877,1,,,,,,,,0,0,0
10,0.001,100,chb03,chb03_37,1917,0,4800.0,-0.9793760221521556,8,,,,,,,,0,0,0
10,0.001,100,chb03,chb03_38,1917,0,4800.0,-0.9640325216629888,8,,,,,,,,0,3,0
10,0.001,100,chb04,chb04_05,3811,20,9535.0,-1.145690231001424,8,0.9278026905829596,0.3696481902689055,0.9950144319076358,0.999736217356898,0.1,0.6666666666666666,0.1739130434782609,2,1,18
10,0.001,100,chb04,chb04_08,5757,44,14400.0,-1.04162385914216,6,0.8624389351240394,0.0822077506779546,0.990967517804412,0.9984246455452476,0.0227272727272727,0.1,0.037037037037037,1,9,43
10,0.001,100,chb04,chb04_28,5766,88,14422.5,-0.5301258877535268,2,0.7423788786064236,0.0636618551037606,0.9847381200138744,1.0,0.0,,,0,0,88
10,0.001,100,chb04,chb04_01,7675,0,19195.0,-0.97548008828651,6,,,,,,,,0,0,0
10,0.001,100,chb04,chb04_02,7677,0,19200.0,-1.0476018331885992,8,,,,,,,,0,1,0
10,0.001,100,chb04,chb04_03,7677,0,19200.0,-0.9935381417768042,6,,,,,,,,0,0,0
10,0.001,100,chb04,chb04_04,7677,0,19200.0,-1.1056167267569803,8,,,,,,,,0,0,0
10,0.001,100,chb04,chb04_06,7677,0,19200.0,-0.979445491141362,8,,,,,,,,0,1,0
10,0.001,100,chb04,chb04_07,3994,0,9992.5,-0.9726165427374314,8,,,,,,,,0,1,0
10,0.001,100,chb04,chb04_09,7677,0,19200.0,-0.9763446691329598,8,,,,,,,,0,0,0
10,0.001,100,chb04,chb04_10,7677,0,19200.0,-1.0856191667048936,8,,,,,,,,0,1,0
10,0.001,100,chb04,chb04_11,2574,0,6442.5,-0.8498090422297072,6,,,,,,,,0,0,0
10,0.001,100,chb04,chb04_12,7683,0,19215.0,-1.0933305888634566,8,,,,,,,,0,0,0
10,0.001,100,chb04,chb04_13,7675,0,19195.0,-0.8506875546018547,6,,,,,,,,0,5,0
10,0.001,100,chb04,chb04_14,7686,0,19222.5,-1.0276000429669596,8,,,,,,,,0,2,0
10,0.001,100,chb04,chb04_15,7677,0,19200.0,-1.0945790659666703,8,,,,,,,,0,1,0
10,0.001,100,chb04,chb04_16,7677,0,19200.0,-1.093178978246608,8,,,,,,,,0,2,0
10,0.001,100,chb04,chb04_17,7320,0,18307.5,-0.9799190113492064,8,,,,,,,,0,0,0
10,0.001,100,chb04,chb04_18,7690,0,19232.5,-1.085796398084426,8,,,,,,,,0,2,0
10,0.001,100,chb04,chb04_19,7677,0,19200.0,-1.0430335071936374,8,,,,,,,,0,2,0
10,0.001,100,chb04,chb04_21,7677,0,19200.0,-1.0514257540338627,8,,,,,,,,0,2,0
10,0.001,100,chb04,chb04_22,7677,0,19200.0,-1.057661504080164,8,,,,,,,,0,3,0
10,0.001,100,chb04,chb04_23,5695,0,14245.0,-1.0625121425046955,8,,,,,,,,0,1,0
10,0.001,100,chb04,chb04_24,7680,0,19207.5,-1.082612036884227,8,,,,,,,,0,1,0
10,0.001,100,chb04,chb04_25,7677,0,19200.0,-0.8519138582514794,6,,,,,,,,0,2,0
10,0.001,100,chb04,chb04_26,7677,0,19200.0,-1.1204464452948737,8,,,,,,,,0,0,0
10,0.001,100,chb04,chb04_27,7691,0,19235.0,-1.0445211345948684,8,,,,,,,,0,2,0
10,0.001,100,chb04,chb04_29,7678,0,19202.5,-1.096842146651314,8,,,,,,,,0,1,0
10,0.001,100,chb04,chb04_30,7677,0,19200.0,-0.9672999042315608,6,,,,,,,,0,1,0
10,0.001,100,chb04,chb04_31,7677,0,19200.0,-1.0415864000112862,8,,,,,,,,0,10,0
10,0.001,100,chb04,chb04_32,7677,0,19200.0,-1.0348266381376363,8,,,,,,,,0,0,0
10,0.001,100,chb04,chb04_33,7677,0,19200.0,-1.039615906046824,8,,,,,,,,0,2,0
10,0.001,100,chb04,chb04_34,7677,0,19200.0,-0.9678565392951072,8,,,,,,,,0,1,0
10,0.001,100,chb04,chb04_35,7677,0,19200.0,-1.095703943426569,8,,,,,,,,0,0,0
10,0.001,100,chb04,chb04_36,7677,0,19200.0,-1.036713682978086,8,,,,,,,,0,1,0
10,0.001,100,chb04,chb04_37,2990,0,7482.5,-1.081511798110026,8,,,,,,,,0,2,0
10,0.001,100,chb04,chb04_38,7677,0,19200.0,-0.8393103232697493,6,,,,,,,,0,0,0
10,0.001,100,chb04,chb04_39,7677,0,19200.0,-1.059104481027083,8,,,,,,,,0,1,0
10,0.001,100,chb04,chb04_40,7677,0,19200.0,-0.9919842919739004,8,,,,,,,,0,2,0
10,0.001,100,chb04,chb04_41,7677,0,19200.0,-0.9894253064683404,8,,,,,,,,0,3,0
10,0.001,100,chb04,chb04_42,3102,0,7762.5,-1.0523458530987375,8,,,,,,,,0,0,0
10,0.001,100,chb04,chb04_43,7677,0,19200.0,-0.8581861027866972,6,,,,,,,,0,4,0
10,0.001,100,chb05,chb05_06,1437,46,3600.0,0.2054407322496244,1,0.9427531022411152,0.4565847098937294,0.9721642310368824,1.0,0.1304347826086956,1.0,0.2307692307692307,6,0,40
10,0.001,100,chb05,chb05_13,1437,44,3600.0,-0.8438437713642769,6,0.9897213339424396,0.8453874331824409,0.9791231732776616,0.9992821249102656,0.3409090909090909,0.9375,0.5,15,1,29
10,0.001,100,chb05,chb05_16,1437,39,3600.0,0.0269704565091504,1,0.954238655955394,0.7401656227946051,0.9812108559498957,1.0,0.3076923076923077,1.0,0.4705882352941176,12,0,27
10,0.001,100,chb05,chb05_17,1437,48,3600.0,0.1040915331673996,1,0.880834533237341,0.3933452384170288,0.9714683368128044,1.0,0.1458333333333333,1.0,0.2545454545454546,7,0,41
10,0.001,100,chb05,chb05_22,1437,47,3600.0,0.0788013560163239,1,0.979902035818154,0.7324542407611497,0.9791231732776616,1.0,0.3617021276595745,1.0,0.53125,17,0,30
10,0.001,100,chb05,chb05_01,1922,0,4812.5,-0.7854013525087892,6,,,,,,,,0,0,0
10,0.001,100,chb05,chb05_02,1917,0,4800.0,-0.7996204791038005,6,,,,,,,,0,0,0
10,0.001,100,chb05,chb05_03,1917,0,4800.0,-0.7957455594492968,6,,,,,,,,0,0,0
10,0.001,100,chb05,chb05_04,1917,0,4800.0,-0.7931620575671721,6,,,,,,,,0,0,0
10,0.001,100,chb05,chb05_05,1917,0,4800.0,-0.794812379237654,6,,,,,,,,0,0,0
10,0.001,100,chb05,chb05_07,1917,0,4800.0,-0.8039879852367479,6,,,,,,,,0,1,0
10,0.001,100,chb05,chb05_08,1917,0,4800.0,-0.8044457936354349,6,,,,,,,,0,1,0
10,0.001,100,chb05,chb05_09,1917,0,4800.0,0.3269151150948011,1,,,,,,,,0,0,0
10,0.001,100,chb05,chb05_10,1917,0,4800.0,-0.7900352099121811,6,,,,,,,,0,0,0
10,0.001,100,chb05,chb05_11,1917,0,4800.0,-0.8028147014058755,6,,,,,,,,0,0,0
10,0.001,100,chb05,chb05_12,1917,0,4800.0,-0.7991180932566556,4,,,,,,,,0,0,0
10,0.001,100,chb05,chb05_14,1917,0,4800.0,-0.8015190651220498,6,,,,,,,,0,0,0
10,0.001,100,chb05,chb05_15,1917,0,4800.0,-0.792359584101281,6,,,,,,,,0,0,0
10,0.001,100,chb05,chb05_18,1917,0,4800.0,-0.801274266152649,4,,,,,,,,0,1,0
10,0.001,100,chb05,chb05_19,1917,0,4800.0,-0.7967079528556539,4,,,,,,,,0,0,0
10,0.001,100,chb05,chb05_20,1917,0,4800.0,-0.8006869008097416,6,,,,,,,,0,0,0
10,0.001,100,chb05,chb05_21,1917,0,4800.0,-0.7992537371764051,6,,,,,,,,0,0,0
10,0.001,100,chb05,chb05_23,1917,0,4800.0,-0.7923818875324844,6,,,,,,,,0,0,0
10,0.001,100,chb05,chb05_24,1917,0,4800.0,-0.785658112836124,4,,,,,,,,0,0,0
10,0.001,100,chb05,chb05_25,1917,0,4800.0,-0.7906122207391207,4,,,,,,,,0,1,0
10,0.001,100,chb05,chb05_26,1917,0,4800.0,-0.7900350330999425,6,,,,,,,,0,0,0
10,0.001,100,chb05,chb05_27,1917,0,4800.0,-0.7787952946012412,6,,,,,,,,0,0,0
10,0.001,100,chb05,chb05_28,1917,0,4800.0,0.2045493518578901,1,,,,,,,,0,0,0
10,0.001,100,chb05,chb05_29,1917,0,4800.0,-0.7808168162346009,6,,,,,,,,0,0,0
10,0.001,100,chb05,chb05_30,1917,0,4800.0,0.263717351298553,1,,,,,,,,0,0,0
10,0.001,100,chb05,chb05_31,1917,0,4800.0,-0.794669505432196,6,,,,,,,,0,0,0
10,0.001,100,chb05,chb05_32,1917,0,4800.0,-0.7896482341608541,4,,,,,,,,0,0,0
10,0.001,100,chb05,chb05_33,1917,0,4800.0,-0.7783664319489282,4,,,,,,,,0,0,0
10,0.001,100,chb05,chb05_34,1917,0,4800.0,-0.7883729295418304,4,,,,,,,,0,0,0
10,0.001,100,chb05,chb05_35,1917,0,4800.0,-0.7963413204606795,6,,,,,,,,0,0,0
10,0.001,100,chb05,chb05_36,1917,0,4800.0,0.2932333323613175,1,,,,,,,,0,0,0
10,0.001,100,chb05,chb05_37,1917,0,4800.0,-0.7967454431370539,6,,,,,,,,0,0,0
10,0.001,100,chb05,chb05_38,1917,0,4800.0,-0.7895689225450483,6,,,,,,,,0,0,0
10,0.001,100,chb05,chb05_39,1917,0,4800.0,0.2416419879787054,1,,,,,,,,0,0,0
10,0.001,100,chb06,chb06_01,5767,19,14425.0,-0.6193557036366939,2,0.8711039079954583,0.0335156970816871,0.996705392751864,1.0,0.0,,,0,0,19
10,0.001,100,chb06,chb06_04,5301,16,13260.0,-0.5274270847817114,2,0.7391674550614948,0.0152059766442316,0.9969817015657424,1.0,0.0,,,0,0,16
10,0.001,100,chb06,chb06_09,5757,7,14400.0,-1.0344743566615473,6,0.9281490683229812,0.1870945150841733,0.9987840889352092,1.0,0.0,,,0,0,7
10,0.001,100,chb06,chb06_10,5757,5,14400.0,-1.022060714602057,6,0.944923504867872,0.0781195708029421,0.999131492096578,1.0,0.0,,,0,0,5
10,0.001,100,chb06,chb06_13,5757,5,14400.0,-1.0245008805012894,6,0.9619262865090404,0.1531803473955804,0.999131492096578,1.0,0.0,,,0,0,5
10,0.001,100,chb06,chb06_18,3168,5,7927.5,-0.5574512595621971,2,0.5062914954157446,0.0018021097495764,0.9984217171717172,1.0,0.0,,,0,0,5
10,0.001,100,chb06,chb06_24,5757,7,14400.0,-0.938162020171532,4,0.8164223602484472,0.0117854789086131,0.9986103873545248,0.9998260869565218,0.0,0.0,,0,1,7
10,0.001,100,chb06,chb06_02,7677,0,19200.0,-1.0788235271347395,8,,,,,,,,0,0,0
10,0.001,100,chb06,chb06_03,7677,0,19200.0,-0.9398460748784996,4,,,,,,,,0,0,0
10,0.001,100,chb06,chb06_05,7677,0,19200.0,-0.9332833085180362,4,,,,,,,,0,0,0
10,0.001,100,chb06,chb06_06,7677,0,19200.0,-0.9278066441115548,4,,,,,,,,0,0,0
10,0.001,100,chb06,chb06_07,7677,0,19200.0,-0.9329738179208956,4,,,,,,,,0,0,0
10,0.001,100,chb06,chb06_08,7677,0,19200.0,-0.9374929772293886,4,,,,,,,,0,0,0
10,0.001,100,chb06,chb06_12,7677,0,19200.0,-0.9365845931055432,4,,,,,,,,0,0,0
10,0.001,100,chb06,chb06_14,7677,0,19200.0,-0.935130771538388,4,,,,,,,,0,0,0
10,0.001,100,chb06,chb06_15,7677,0,19200.0,-1.026878499885866,6,,,,,,,,0,0,0
10,0.001,100,chb06,chb06_16,1613,0,4040.0,-1.0682827874323744,8,,,,,,,,0,0,0
10,0.001,100,chb06,chb06_17,7677,0,19200.0,-0.939921867114422,4,,,,,,,,0,0,0
10,0.001,100,chb07,chb07_12,5757,35,14400.0,-0.1046401965779423,3,0.9152593998102562,0.1924555673241333,0.9930519367726246,0.9982523593149248,0.1428571428571428,0.3333333333333333,0.2,5,10,30
10,0.001,100,chb07,chb07_13,1487,39,3725.0,-0.2462708430741051,2,0.7852741181470464,0.430145035807365,0.9778076664425016,0.9993093922651932,0.1794871794871795,0.875,0.2978723404255319,7,1,32
10,0.001,100,chb07,chb07_19,7673,76,19190.0,-0.8941422363178357,6,0.779513034923758,0.2575203940818494,0.9906164472826796,0.9998683690930632,0.0657894736842105,0.8333333333333334,0.1219512195121951,5,1,71
10,0.001,100,chb07,chb07_01,7682,0,19212.5,-0.0459126825366046,2,,,,,,,,0,0,0
10,0.001,100,chb07,chb07_02,7677,0,19200.0,-0.0369001712173568,2,,,,,,,,0,3,0
10,0.001,100,chb07,chb07_03,7677,0,19200.0,-0.0379563054298771,2,,,,,,,,0,2,0
10,0.001,100,chb07,chb07_04,7677,0,19200.0,-0.0123801770963253,2,,,,,,,,0,2,0
10,0.001,100,chb07,chb07_05,7676,0,19197.5,0.0296037150980697,2,,,,,,,,0,0,0
10,0.001,100,chb07,chb07_06,2621,0,6560.0,-0.8274046278143165,6,,,,,,,,0,4,0
10,0.001,100,chb07,chb07_07,2482,0,6212.5,0.0426786224689916,1,,,,,,,,0,0,0
10,0.001,100,chb07,chb07_08,7677,0,19200.0,-0.0317122180132853,2,,,,,,,,0,6,0
10,0.001,100,chb07,chb07_09,7677,0,19200.0,0.0242648156617519,1,,,,,,,,0,5,0
10,0.001,100,chb07,chb07_10,7677,0,19200.0,0.0206651271088464,1,,,,,,,,0,12,0
10,0.001,100,chb07,chb07_11,7677,0,19200.0,0.0124364920272453,2,,,,,,,,0,1,0
10,0.001,100,chb07,chb07_14,7677,0,19200.0,-0.0100531078287263,2,,,,,,,,0,3,0
10,0.001,100,chb07,chb07_15,7677,0,19200.0,0.0158714739978975,2,,,,,,,,0,0,0
10,0.001,100,chb07,chb07_16,7677,0,19200.0,-0.1438696196368385,2,,,,,,,,0,3,0
10,0.001,100,chb07,chb07_17,7677,0,19200.0,0.1321837839455767,2,,,,,,,,0,3,0
10,0.001,100,chb07,chb07_18,4821,0,12060.0,0.0010855946988436,2,,,,,,,,0,0,0
10,0.001,100,chb08,chb08_02,1437,69,3600.0,-0.8016921484392884,8,0.8933278243918977,0.4556585709295009,0.953375086986778,0.9992690058479532,0.0434782608695652,0.75,0.0821917808219178,3,1,66
10,0.001,100,chb08,chb08_05,1437,76,3600.0,-0.799931887879218,8,0.928748211454426,0.6345185572278835,0.9554627696590118,0.9985304922850844,0.1842105263157894,0.875,0.3043478260869565,14,2,62
10,0.001,100,chb08,chb08_11,1437,53,3600.0,-0.6948543779171036,6,0.9006980041443996,0.4618894589454765,0.9665970772442588,1.0,0.0943396226415094,1.0,0.1724137931034483,5,0,48
10,0.001,100,chb08,chb08_13,1437,64,3600.0,0.0131312193029568,1,0.9331072469045883,0.4763329330552796,0.9568545581071676,1.0,0.03125,1.0,0.0606060606060606,2,0,62
10,0.001,100,chb08,chb08_21,1437,105,3600.0,-0.7222525485406595,6,0.8087087087087087,0.3797888764859741,0.9283228949199722,1.0,0.019047619047619,1.0,0.0373831775700934,2,0,103
10,0.001,100,chb08,chb08_03,1437,0,3600.0,-0.7425622258233737,8,,,,,,,,0,3,0
10,0.001,100,chb08,chb08_04,1437,0,3600.0,0.0842685968953939,1,,,,,,,,0,1,0
10,0.001,100,chb08,chb08_10,1437,0,3600.0,-0.7733866456387988,8,,,,,,,,0,0,0
10,0.001,100,chb08,chb08_12,1437,0,3600.0,-0.7702643292694672,8,,,,,,,,0,1,0
10,0.001,100,chb08,chb08_14,1437,0,3600.0,-0.7743550150580384,8,,,,,,,,0,0,0
10,0.001,100,chb08,chb08_15,1437,0,3600.0,0.0524848838838847,1,,,,,,,,0,0,0
10,0.001,100,chb08,chb08_16,1437,0,3600.0,-0.7873271724486445,8,,,,,,,,0,0,0
10,0.001,100,chb08,chb08_17,1437,0,3600.0,0.0325066245797211,1,,,,,,,,0,0,0
10,0.001,100,chb08,chb08_18,1437,0,3600.0,0.0321912038261433,1,,,,,,,,0,0,0
10,0.001,100,chb08,chb08_19,1437,0,3600.0,-0.662111506805959,6,,,,,,,,0,0,0
10,0.001,100,chb08,chb08_20,1437,0,3600.0,-0.655583095940518,6,,,,,,,,0,0,0
10,0.001,100,chb08,chb08_22,1437,0,3600.0,-0.6603935211859587,6,,,,,,,,0,0,0
10,0.001,100,chb08,chb08_23,1917,0,4800.0,-0.5759458205828459,6,,,,,,,,0,0,0
10,0.001,100,chb08,chb08_24,1917,0,4800.0,-0.6838557505637809,8,,,,,,,,0,0,0
10,0.001,100,chb08,chb08_29,1929,0,4830.0,-0.6814972260511295,8,,,,,,,,0,0,0
10,0.001,100,chb09,chb09_06,5756,26,14397.5,-0.9333710134390034,8,0.9446570009397236,0.5893835979899458,0.9968728283530228,1.0,0.3076923076923077,1.0,0.4705882352941176,8,0,18
10,0.001,100,chb09,chb09_08,5757,60,14400.0,-0.4050887382277328,2,0.9710022819027556,0.6921848364485015,0.9925308320305716,1.0,0.2833333333333333,1.0,0.4415584415584416,17,0,43
10,0.001,100,chb09,chb09_19,2277,25,5700.0,-0.1015753501590553,1,0.9672291296625222,0.4804277636694511,0.989459815546772,1.0,0.04,1.0,0.0769230769230769,1,0,24
10,0.001,100,chb09,chb09_01,4275,0,10695.0,-0.8776229510681556,6,,,,,,,,0,0,0
10,0.001,100,chb09,chb09_02,7676,0,19197.5,0.2039721051200939,1,,,,,,,,0,1,0
10,0.001,100,chb09,chb09_03,7677,0,19200.0,-0.9255953779788788,6,,,,,,,,0,0,0
10,0.001,100,chb09,chb09_04,7685,0,19220.0,-0.8943155186035695,6,,,,,,,,0,0,0
10,0.001,100,chb09,chb09_05,7677,0,19200.0,0.2058984842283344,1,,,,,,,,0,0,0
10,0.001,100,chb09,chb09_07,7677,0,19200.0,0.3165646021280953,1,,,,,,,,0,0,0
10,0.001,100,chb09,chb09_09,7677,0,19200.0,0.2401616520078014,1,,,,,,,,0,2,0
10,0.001,100,chb09,chb09_10,7677,0,19200.0,0.2574876949961419,1,,,,,,,,0,3,0
10,0.001,100,chb09,chb09_11,7677,0,19200.0,-0.8607784929324883,8,,,,,,,,0,0,0
10,0.001,100,chb09,chb09_12,7677,0,19200.0,0.3124934825906869,1,,,,,,,,0,3,0
10,0.001,100,chb09,chb09_13,7678,0,19202.5,0.3579557884643516,1,,,,,,,,0,11,0
10,0.001,100,chb09,chb09_14,7674,0,19192.5,0.3155425674739672,1,,,,,,,,0,7,0
10,0.001,100,chb09,chb09_15,5765,0,14420.0,0.269311769082543,1,,,,,,,,0,0,0
10,0.001,100,chb09,chb09_16,5433,0,13590.0,0.1673710205934998,1,,,,,,,,0,0,0
10,0.001,100,chb09,chb09_17,516,0,1297.5,0.3092873878815441,1,,,,,,,,0,0,0
10,0.001,100,chb09,chb09_18,5757,0,14400.0,0.1728760813124472,1,,,,,,,,0,2,0
10,0.001,100,chb10,chb10_12,2877,14,7200.0,-0.9307916043668945,8,0.9845317099945112,0.5998910200662912,0.9961765728189086,1.0,0.2142857142857142,1.0,0.3529411764705882,3,0,11
10,0.001,100,chb10,chb10_20,2881,28,7210.0,-0.8579229898749196,6,0.9922888187872416,0.8063671035866958,0.9944463727872268,1.0,0.4285714285714285,1.0,0.6,12,0,16
10,0.001,100,chb10,chb10_27,2884,26,7217.5,-0.9453769238983242,8,0.9435323249179092,0.3359347960266147,0.990984743411928,0.9979006298110566,0.2307692307692307,0.5,0.3157894736842105,6,6,20
10,0.001,100,chb10,chb10_30,2882,23,7212.5,-0.8570302662282688,6,0.9703909849901912,0.509620468533059,0.9920194309507286,1.0,0.0,,,0,0,23
10,0.001,100,chb10,chb10_31,2885,30,7220.0,-0.8549704903719649,4,0.9932049036777584,0.8863621529928053,0.9965337954939342,0.9992994746059544,0.7333333333333333,0.9166666666666666,0.8148148148148148,22,2,8
10,0.001,100,chb10,chb10_38,2877,35,7200.0,0.1285415688585257,1,0.9111993565899266,0.3238216747944298,0.9878345498783456,0.9971850809289232,0.2285714285714285,0.5,0.3137254901960784,8,8,27
10,0.001,100,chb10,chb10_89,2877,21,7200.0,-0.8577002643601577,6,0.9602674403094572,0.3053339472293115,0.9927007299270072,1.0,0.0,,,0,0,21
10,0.001,100,chb10,chb10_01,3847,0,9625.0,-0.8193302531863104,6,,,,,,,,0,0,0
10,0.001,100,chb10,chb10_02,3837,0,9600.0,-0.9382154740406627,8,,,,,,,,0,0,0
10,0.001,100,chb10,chb10_03,3837,0,9600.0,-0.8221822114160036,6,,,,,,,,0,0,0
10,0.001,100,chb10,chb10_04,3837,0,9600.0,-0.8133345521667019,6,,,,,,,,0,0,0
10,0.001,100,chb10,chb10_05,3837,0,9600.0,-0.9423963020662592,8,,,,,,,,0,1,0
10,0.001,100,chb10,chb10_06,3837,0,9600.0,-0.8471625465718733,6,,,,,,,,0,0,0
10,0.001,100,chb10,chb10_07,3837,0,9600.0,-0.8270852135649255,6,,,,,,,,0,0,0
10,0.001,100,chb10,chb10_08,3837,0,9600.0,-0.8326410551233316,6,,,,,,,,0,0,0
10,0.001,100,chb10,chb10_13,3837,0,9600.0,-0.8158781704475933,6,,,,,,,,0,0,0
10,0.001,100,chb10,chb10_14,3837,0,9600.0,-0.8125675324521118,6,,,,,,,,0,0,0
10,0.001,100,chb10,chb10_15,2877,0,7200.0,-0.8089952422700004,8,,,,,,,,0,0,0
10,0.001,100,chb10,chb10_16,2877,0,7200.0,-0.8090111624575096,6,,,,,,,,0,0,0
10,0.001,100,chb10,chb10_17,2877,0,7200.0,-0.8236056553373278,6,,,,,,,,0,0,0
10,0.001,100,chb10,chb10_18,2877,0,7200.0,-0.8192142754406422,6,,,,,,,,0,0,0
10,0.001,100,chb10,chb10_19,2877,0,7200.0,-0.8275944451097315,6,,,,,,,,0,0,0
10,0.001,100,chb10,chb10_21,2877,0,7200.0,-0.848184770177788,6,,,,,,,,0,5,0
10,0.001,100,chb10,chb10_22,2877,0,7200.0,0.2968180668433317,1,,,,,,,,0,0,0
10,0.001,100,chb10,chb10_28,2877,0,7200.0,-0.9273645177509968,8,,,,,,,,0,0,0
10,0.001,100,chb11,chb11_82,1437,9,3600.0,-0.1743424515327696,3,0.9958761282290696,0.4991148140167749,0.9944328462073764,0.9971988795518208,0.5555555555555556,0.5555555555555556,0.5555555555555556,5,4,4
10,0.001,100,chb11,chb11_92,1437,13,3600.0,-0.8526651777154767,6,0.8764044943820225,0.0410361099976797,0.988169798190675,0.9971910112359552,0.0,0.0,,0,4,13
10,0.001,100,chb11,chb11_99,1140,301,2857.5,-0.7654124439315219,3,0.7671844744772095,0.5865021236818799,0.7333333333333333,0.99642431466031,0.0,0.0,,0,3,301
10,0.001,100,chb11,chb11_01,1436,0,3597.5,-0.8207154622018923,8,,,,,,,,0,0,0
10,0.001,100,chb11,chb11_02,1917,0,4800.0,-0.9577881364510572,8,,,,,,,,0,2,0
10,0.001,100,chb11,chb11_03,1917,0,4800.0,-0.8182627951396015,8,,,,,,,,0,2,0
10,0.001,100,chb11,chb11_04,1917,0,4800.0,-0.8078769223400855,8,,,,,,,,0,0,0
10,0.001,100,chb11,chb11_05,1917,0,4800.0,-0.8372256692986891,8,,,,,,,,0,0,0
10,0.001,100,chb11,chb11_06,1917,0,4800.0,-0.8438667774203991,8,,,,,,,,0,1,0
10,0.001,100,chb11,chb11_07,1917,0,4800.0,-0.8481014331723057,8,,,,,,,,0,0,0
10,0.001,100,chb11,chb11_08,1437,0,3600.0,-0.8160292679422453,8,,,,,,,,0,0,0
10,0.001,100,chb11,chb11_09,1437,0,3600.0,-0.7982771279604789,8,,,,,,,,0,0,0
10,0.001,100,chb11,chb11_10,1437,0,3600.0,-0.8117181911875284,6,,,,,,,,0,0,0
10,0.001,100,chb11,chb11_11,1437,0,3600.0,-0.8031158033662398,8,,,,,,,,0,0,0
10,0.001,100,chb11,chb11_12,1437,0,3600.0,-0.0261027006449662,2,,,,,,,,0,0,0
10,0.001,100,chb11,chb11_13,1437,0,3600.0,-0.0880672169033717,2,,,,,,,,0,0,0
10,0.001,100,chb11,chb11_14,1437,0,3600.0,-0.8014263169530191,8,,,,,,,,0,1,0
10,0.001,100,chb11,chb11_15,1437,0,3600.0,-0.8100762945024532,8,,,,,,,,0,0,0
10,0.001,100,chb11,chb11_16,1437,0,3600.0,-0.8086121051530482,8,,,,,,,,0,0,0
10,0.001,100,chb11,chb11_17,1437,0,3600.0,-0.8382567196353695,6,,,,,,,,0,0,0
10,0.001,100,chb11,chb11_18,1437,0,3600.0,-0.0012794932100405,2,,,,,,,,0,0,0
10,0.001,100,chb11,chb11_19,1437,0,3600.0,-0.8285238606269738,6,,,,,,,,0,1,0
10,0.001,100,chb11,chb11_24,1437,0,3600.0,-0.8120974867488108,8,,,,,,,,0,3,0
10,0.001,100,chb11,chb11_25,1917,0,4800.0,-0.8061580180905338,8,,,,,,,,0,1,0
10,0.001,100,chb11,chb11_26,1917,0,4800.0,-0.7991542825508031,8,,,,,,,,0,1,0
10,0.001,100,chb11,chb11_27,1917,0,4800.0,-0.7948730127202552,8,,,,,,,,0,0,0
10,0.001,100,chb11,chb11_53,1917,0,4800.0,-0.820661772628466,8,,,,,,,,0,0,0
10,0.001,100,chb11,chb11_54,1917,0,4800.0,-0.8033501975013329,8,,,,,,,,0,0,0
10,0.001,100,chb11,chb11_55,1917,0,4800.0,-0.8109600431809537,8,,,,,,,,0,0,0
10,0.001,100,chb11,chb11_56,1917,0,4800.0,-0.8270528012803663,8,,,,,,,,0,0,0
10,0.001,100,chb11,chb11_58,1917,0,4800.0,-0.1160605190487311,2,,,,,,,,0,0,0
10,0.001,100,chb11,chb11_60,1917,0,4800.0,-0.0612540958455218,2,,,,,,,,0,1,0
10,0.001,100,chb11,chb11_61,1917,0,4800.0,-0.1217905951519948,2,,,,,,,,0,0,0
10,0.001,100,chb11,chb11_62,1917,0,4800.0,-0.8293045412312846,6,,,,,,,,0,0,0
10,0.001,100,chb11,chb11_63,1917,0,4800.0,-0.8125844580267637,8,,,,,,,,0,1,0
10,0.001,100,chb12,chb12_06,1439,38,3605.0,-0.8517107544970052,8,0.7246891318231339,0.1744403332721439,0.9735927727588604,1.0,0.0,,,0,0,38
10,0.001,100,chb12,chb12_08,1437,32,3600.0,-0.8569785340484559,8,0.8526467971530248,0.3440176090106687,0.9798190675017396,1.0,0.09375,1.0,0.1714285714285714,3,0,29
10,0.001,100,chb12,chb12_09,1441,26,3610.0,-0.9154670228401008,8,0.9327262843163904,0.4707693868858505,0.9840388619014572,1.0,0.1153846153846153,1.0,0.2068965517241379,3,0,23
10,0.001,100,chb12,chb12_10,1441,31,3610.0,-0.775015604229281,6,0.9474033401967512,0.722513460395909,0.9819569743233866,1.0,0.1612903225806451,1.0,0.2777777777777777,5,0,26
10,0.001,100,chb12,chb12_11,969,15,2430.0,-0.7736659870961555,6,0.875401816911251,0.2917733292803941,0.9865841073271414,1.0,0.1333333333333333,1.0,0.2352941176470588,2,0,13
10,0.001,100,chb12,chb12_23,1437,88,3600.0,-0.8666711425623077,8,0.7691724509737853,0.2919442942411189,0.9394572025052192,1.0,0.0113636363636363,1.0,0.0224719101123595,1,0,87
10,0.001,100,chb12,chb12_33,1437,19,3600.0,-0.7616958997937562,6,0.8142305693712419,0.1508226307798384,0.9867780097425192,1.0,0.0,,,0,0,19
10,0.001,100,chb12,chb12_36,1437,11,3600.0,-0.7711152978988275,6,0.9032895575672574,0.1179157872515259,0.9923451635351428,1.0,0.0,,,0,0,11
10,0.001,100,chb12,chb12_38,1437,77,3600.0,-0.819115640550804,6,0.8949579831932774,0.6334770020463035,0.9478079331941544,1.0,0.0259740259740259,1.0,0.050632911392405,2,0,75
10,0.001,100,chb12,chb12_42,1437,64,3600.0,-0.8146866849074337,6,0.8619469227967954,0.4038903607761404,0.9568545581071676,1.0,0.03125,1.0,0.0606060606060606,2,0,62
10,0.001,100,chb12,chb12_19,1437,0,3600.0,-0.0392787138133754,1,,,,,,,,0,1,0
10,0.001,100,chb12,chb12_20,1437,0,3600.0,-0.8248664573530424,8,,,,,,,,0,0,0
10,0.001,100,chb12,chb12_21,1437,0,3600.0,-0.6309319890474256,6,,,,,,,,0,0,0
10,0.001,100,chb12,chb12_24,1437,0,3600.0,-0.7489688773726761,6,,,,,,,,0,0,0
10,0.001,100,chb12,chb12_32,1437,0,3600.0,-0.7563787429425938,6,,,,,,,,0,0,0
10,0.001,100,chb12,chb12_34,1437,0,3600.0,-0.7607769865173121,6,,,,,,,,0,0,0
10,0.001,100,chb12,chb12_35,1437,0,3600.0,-0.0301918947240591,1,,,,,,,,0,0,0
10,0.001,100,chb12,chb12_37,1925,0,4820.0,-0.7460340904953087,6,,,,,,,,0,0,0
10,0.001,100,chb12,chb12_39,1917,0,4800.0,-0.7537082748236369,6,,,,,,,,0,2,0
10,0.001,100,chb12,chb12_40,1917,0,4800.0,-0.8940194174608969,8,,,,,,,,0,1,0
10,0.001,100,chb12,chb12_41,1917,0,4800.0,-0.7538894667803633,6,,,,,,,,0,0,0
10,0.001,100,chb13,chb13_19,1437,18,3600.0,-0.9126579481601024,6,0.5424399029050191,0.0158260501183205,0.9874739039665972,1.0,0.0,,,0,0,18
10,0.001,100,chb13,chb13_21,1437,28,3600.0,-0.9640179812764348,8,0.6249112845990064,0.0333826444098715,0.9805149617258176,1.0,0.0,,,0,0,28
10,0.001,100,chb13,chb13_40,1437,39,3600.0,-0.4019695090622016,2,0.4370529327610872,0.0247935775050718,0.9728601252609604,1.0,0.0,,,0,0,39
10,0.001,100,chb13,chb13_55,1437,15,3600.0,-0.4302615374000013,2,0.5007501172058134,0.0111297789782306,0.9895615866388308,1.0,0.0,,,0,0,15
10,0.001,100,chb13,chb13_58,1437,7,3600.0,-0.3793937427615519,2,0.7405594405594406,0.0114112685867588,0.9951287404314544,1.0,0.0,,,0,0,7
10,0.001,100,chb13,chb13_59,1437,25,3600.0,-0.5005617309756458,2,0.7029178470254958,0.1347381943426402,0.9826026443980516,1.0,0.0,,,0,0,25
10,0.001,100,chb13,chb13_60,1437,9,3600.0,-0.4009878894057136,2,0.75645813881108,0.0163082329637846,0.9930410577592206,0.9992997198879552,0.0,0.0,,0,1,9
10,0.001,100,chb13,chb13_62,1437,75,3600.0,-0.8317309491086561,6,0.4887028879099364,0.0699154098926896,0.9478079331941544,1.0,0.0,,,0,0,75
10,0.001,100,chb13,chb13_02,1917,0,4800.0,-0.3716945497067886,2,,,,,,,,0,0,0
10,0.001,100,chb13,chb13_03,1917,0,4800.0,-0.3439012946087406,2,,,,,,,,0,0,0
10,0.001,100,chb13,chb13_04,1917,0,4800.0,-0.3564588084809655,2,,,,,,,,0,0,0
10,0.001,100,chb13,chb13_05,1917,0,4800.0,-0.3625790352155312,2,,,,,,,,0,0,0
10,0.001,100,chb13,chb13_06,1917,0,4800.0,-0.3652341804414595,2,,,,,,,,0,0,0
10,0.001,100,chb13,chb13_07,1917,0,4800.0,-0.3632540015535108,2,,,,,,,,0,0,0
10,0.001,100,chb13,chb13_08,1917,0,4800.0,-0.3574919425591307,2,,,,,,,,0,0,0
10,0.001,100,chb13,chb13_09,1917,0,4800.0,-0.3728439847645363,2,,,,,,,,0,0,0
10,0.001,100,chb13,chb13_10,1917,0,4800.0,-0.35367106903413,2,,,,,,,,0,0,0
10,0.001,100,chb13,chb13_11,1917,0,4800.0,-0.3522580670840928,2,,,,,,,,0,0,0
10,0.001,100,chb13,chb13_12,1917,0,4800.0,-0.367234479514442,2,,,,,,,,0,0,0
10,0.001,100,chb13,chb13_13,1917,0,4800.0,-0.3527807479195916,2,,,,,,,,0,0,0
10,0.001,100,chb13,chb13_14,1917,0,4800.0,-0.341739248877357,2,,,,,,,,0,0,0
10,0.001,100,chb13,chb13_15,1917,0,4800.0,-0.3586797128894914,2,,,,,,,,0,0,0
10,0.001,100,chb13,chb13_16,1917,0,4800.0,-0.3619092458746182,2,,,,,,,,0,0,0
10,0.001,100,chb13,chb13_18,1917,0,4800.0,-0.3684364206432687,2,,,,,,,,0,0,0
10,0.001,100,chb13,chb13_22,1917,0,4800.0,-0.3734249969547743,2,,,,,,,,0,0,0
10,0.001,100,chb13,chb13_24,1917,0,4800.0,-0.3542803287237034,2,,,,,,,,0,0,0
10,0.001,100,chb13,chb13_30,1917,0,4800.0,-0.925285911319338,8,,,,,,,,0,0,0
10,0.001,100,chb13,chb13_36,1917,0,4800.0,-0.368726717509278,2,,,,,,,,0,0,0
10,0.001,100,chb13,chb13_37,1917,0,4800.0,-0.3531782673565077,2,,,,,,,,0,0,0
10,0.001,100,chb13,chb13_38,1917,0,4800.0,-0.3606076583510033,2,,,,,,,,0,0,0
10,0.001,100,chb13,chb13_39,1917,0,4800.0,-0.3732107661095236,2,,,,,,,,0,0,0
10,0.001,100,chb13,chb13_47,1917,0,4800.0,-0.3632750698033502,2,,,,,,,,0,0,0
10,0.001,100,chb13,chb13_56,1917,0,4800.0,-0.4024164313155747,2,,,,,,,,0,0,0
10,0.001,100,chb14,chb14_03,1437,6,3600.0,-0.6338871172397726,2,0.9807826694619148,0.7227272727272728,0.9958246346555324,1.0,0.0,,,0,0,6
10,0.001,100,chb14,chb14_04,1437,17,3600.0,-0.6534613999775233,2,0.9035211267605634,0.2399766268924319,0.988169798190675,1.0,0.0,,,0,0,17
10,0.001,100,chb14,chb14_06,1437,6,3600.0,-0.9936794374980652,8,0.9771721406941534,0.2540813299735912,0.9958246346555324,1.0,0.0,,,0,0,6
10,0.001,100,chb14,chb14_11,1437,16,3600.0,-0.9477264832278748,6,0.9275158339197748,0.1048653602673626,0.988865692414753,1.0,0.0,,,0,0,16
10,0.001,100,chb14,chb14_17,1437,8,3600.0,-0.9427160934213124,6,0.9843421973407978,0.1981322346132129,0.9944328462073764,1.0,0.0,,,0,0,8
10,0.001,100,chb14,chb14_18,1437,9,3600.0,-0.5604684711700368,2,0.9544817927170868,0.0998754072214296,0.9937369519832986,1.0,0.0,,,0,0,9
10,0.001,100,chb14,chb14_27,1437,6,3600.0,-0.9325347604703992,6,0.9587700908455624,0.2164460490901785,0.9958246346555324,1.0,0.0,,,0,0,6
10,0.001,100,chb14,chb14_01,1917,0,4800.0,-0.9299979309554408,6,,,,,,,,0,0,0
10,0.001,100,chb14,chb14_02,1917,0,4800.0,-1.0098442873369042,8,,,,,,,,0,0,0
10,0.001,100,chb14,chb14_07,1917,0,4800.0,-0.9293822702176022,6,,,,,,,,0,0,0
10,0.001,100,chb14,chb14_12,1917,0,4800.0,-0.9345451389956112,6,,,,,,,,0,0,0
10,0.001,100,chb14,chb14_13,1917,0,4800.0,-0.9289820560061652,6,,,,,,,,0,0,0
10,0.001,100,chb14,chb14_14,1917,0,4800.0,-0.9310535519327776,6,,,,,,,,0,0,0
10,0.001,100,chb14,chb14_16,1917,0,4800.0,-0.9947525672787548,8,,,,,,,,0,0,0
10,0.001,100,chb14,chb14_19,1917,0,4800.0,-1.0134040332622538,8,,,,,,,,0,0,0
10,0.001,100,chb14,chb14_20,1917,0,4800.0,-0.9318715495745248,6,,,,,,,,0,0,0
10,0.001,100,chb14,chb14_22,1917,0,4800.0,-1.0135993057791883,8,,,,,,,,0,0,0
10,0.001,100,chb14,chb14_24,1917,0,4800.0,-0.974779169932132,6,,,,,,,,0,0,0
10,0.001,100,chb14,chb14_25,1917,0,4800.0,-0.9750831659729108,6,,,,,,,,0,0,0
10,0.001,100,chb14,chb14_26,1917,0,4800.0,-0.9740073453590822,6,,,,,,,,0,0,0
10,0.001,100,chb14,chb14_29,1917,0,4800.0,-0.9306965041895632,6,,,,,,,,0,0,0
10,0.001,100,chb14,chb14_30,1917,0,4800.0,-0.9749989326333092,6,,,,,,,,0,0,0
10,0.001,100,chb14,chb14_32,1917,0,4800.0,-0.97550950392546,6,,,,,,,,0,0,0
10,0.001,100,chb14,chb14_37,1917,0,4800.0,-0.9763328125184186,6,,,,,,,,0,0,0
10,0.001,100,chb14,chb14_39,1917,0,4800.0,-0.9768109766657936,6,,,,,,,,0,0,0
10,0.001,100,chb14,chb14_42,1917,0,4800.0,-0.9733112903469764,6,,,,,,,,0,0,0
10,0.001,100,chb15,chb15_06,1437,50,3600.0,-0.6289226476574026,8,0.983777937995674,0.7493014055511619,0.9693806541405706,1.0,0.12,1.0,0.2142857142857142,6,0,44
10,0.001,100,chb15,chb15_10,1437,13,3600.0,-0.6181590879734672,8,1.0,0.9999999999999998,0.9958246346555324,1.0,0.5384615384615384,1.0,0.7000000000000001,7,0,6
10,0.001,100,chb15,chb15_15,1437,63,3600.0,-0.4312836373893548,8,0.9170305676855895,0.6159149288005553,0.964509394572025,1.0,0.1904761904761904,1.0,0.32,12,0,51
10,0.001,100,chb15,chb15_17,1437,15,3600.0,-0.3759309656578828,6,0.8725738396624473,0.1102323724290115,0.9895615866388308,0.99929676511955,0.0666666666666666,0.5,0.1176470588235294,1,1,14
10,0.001,100,chb15,chb15_20,1437,22,3600.0,-0.6372088307487652,6,0.8107292001284935,0.2227080832490282,0.9853862212943632,0.9985865724381624,0.1363636363636363,0.6,0.2222222222222221,3,2,19
10,0.001,100,chb15,chb15_22,1437,83,3600.0,-0.4865396562062276,6,0.7477354024665871,0.2794271878866526,0.942240779401531,1.0,0.0,,,0,0,83
10,0.001,100,chb15,chb15_28,1437,76,3600.0,-0.5039242536434411,8,0.9551220078115936,0.7060038151088074,0.9638135003479472,0.9992652461425422,0.3289473684210526,0.9615384615384616,0.4901960784313726,25,1,51
10,0.001,100,chb15,chb15_31,1437,48,3600.0,-0.4148483663643429,4,0.9895008399328054,0.8241953162835111,0.9700765483646486,1.0,0.1041666666666666,1.0,0.1886792452830188,5,0,43
10,0.001,100,chb15,chb15_40,1437,97,3600.0,-0.6322833173012881,8,0.936467148792122,0.695828089285571,0.942936673625609,0.9992537313432835,0.1649484536082474,0.9411764705882352,0.2807017543859649,16,1,81
10,0.001,100,chb15,chb15_46,1437,43,3600.0,-0.6286955460299016,8,0.9321510793767308,0.4924684630594332,0.9707724425887264,1.0,0.0232558139534883,1.0,0.0454545454545454,1,0,42
10,0.001,100,chb15,chb15_49,1447,56,3625.0,-0.4301456523410557,8,0.8938841532299475,0.4390358767681949,0.964063579820318,0.9971243709561468,0.1428571428571428,0.6666666666666666,0.2352941176470588,8,4,48
10,0.001,100,chb15,chb15_52,1440,28,3607.5,-0.4263323702738096,6,0.991374949413193,0.8602419037483755,0.9868055555555556,1.0,0.3214285714285714,1.0,0.4864864864864865,9,0,19
10,0.001,100,chb15,chb15_54,1437,164,3600.0,-0.4732950268738769,8,0.9773053857797024,0.8859595271434747,0.908141962421712,0.9992144540455616,0.2012195121951219,0.9705882352941176,0.3333333333333333,33,1,131
10,0.001,100,chb15,chb15_62,1437,43,3600.0,-0.4448551890494676,6,0.9930432751659938,0.8319830306193341,0.9721642310368824,1.0,0.0697674418604651,1.0,0.1304347826086956,3,0,40
10,0.001,100,chb15,chb15_01,1918,0,4802.5,-0.4017351894489625,4,,,,,,,,0,7,0
10,0.001,100,chb15,chb15_02,1917,0,4800.0,-0.5910354184066624,8,,,,,,,,0,2,0
10,0.001,100,chb15,chb15_03,1917,0,4800.0,-0.5995427472215723,8,,,,,,,,0,0,0
10,0.001,100,chb15,chb15_04,1917,0,4800.0,-0.3879030438771785,4,,,,,,,,0,0,0
10,0.001,100,chb15,chb15_05,1917,0,4800.0,-0.3606718384873928,6,,,,,,,,0,1,0
10,0.001,100,chb15,chb15_07,1917,0,4800.0,-0.3886357885946398,6,,,,,,,,0,5,0
10,0.001,100,chb15,chb15_08,1917,0,4800.0,-0.6020304908113514,8,,,,,,,,0,0,0
10,0.001,100,chb15,chb15_09,1917,0,4800.0,-0.3767878995640513,6,,,,,,,,0,0,0
10,0.001,100,chb15,chb15_11,1917,0,4800.0,-0.3786594324931563,6,,,,,,,,0,1,0
10,0.001,100,chb15,chb15_12,1917,0,4800.0,-0.6151418939075115,8,,,,,,,,0,0,0
10,0.001,100,chb15,chb15_13,1437,0,3600.0,-0.380256370227714,8,,,,,,,,0,0,0
10,0.001,100,chb15,chb15_14,1917,0,4800.0,-0.5645125467766109,8,,,,,,,,0,0,0
10,0.001,100,chb15,chb15_16,1917,0,4800.0,-0.3715744441591694,8,,,,,,,,0,0,0
10,0.001,100,chb15,chb15_19,1917,0,4800.0,-0.6063686572944849,8,,,,,,,,0,0,0
10,0.001,100,chb15,chb15_26,1917,0,4800.0,-0.5738446087836349,8,,,,,,,,0,1,0
10,0.001,100,chb15,chb15_29,1917,0,4800.0,-0.3869061309389761,8,,,,,,,,0,0,0
10,0.001,100,chb15,chb15_30,1917,0,4800.0,-0.6026608235478901,8,,,,,,,,0,2,0
10,0.001,100,chb15,chb15_32,1917,0,4800.0,-0.3722920745721881,6,,,,,,,,0,0,0
10,0.001,100,chb15,chb15_33,1917,0,4800.0,-0.392192969775378,4,,,,,,,,0,0,0
10,0.001,100,chb15,chb15_35,1917,0,4800.0,-0.6228714064433334,8,,,,,,,,0,0,0
10,0.001,100,chb15,chb15_37,1917,0,4800.0,-0.5933922059268182,8,,,,,,,,0,0,0
10,0.001,100,chb15,chb15_45,1917,0,4800.0,-0.3287385927242544,6,,,,,,,,0,3,0
10,0.001,100,chb15,chb15_50,1917,0,4800.0,-0.6014819019746515,8,,,,,,,,0,1,0
10,0.001,100,chb15,chb15_51,1917,0,4800.0,-0.6008206819646796,8,,,,,,,,0,1,0
10,0.001,100,chb15,chb15_61,1917,0,4800.0,-0.564374441513351,8,,,,,,,,0,119,0
10,0.001,100,chb15,chb15_63,1917,0,4800.0,-0.5904932007166874,8,,,,,,,,0,3,0
10,0.001,100,chb16,chb16_10,1437,4,3600.0,-1.2294018462981475,8,0.6104326587578507,0.0052575480442671,0.9972164231036882,1.0,0.0,,,0,0,4
10,0.001,100,chb16,chb16_11,1437,4,3600.0,-1.1889320020054457,8,0.4776692254012561,0.0031510339879146,0.9972164231036882,1.0,0.0,,,0,0,4
10,0.001,100,chb16,chb16_14,1437,6,3600.0,-0.66947456329513,3,0.4749592359655252,0.004469182480675,0.9958246346555324,1.0,0.0,,,0,0,6
10,0.001,100,chb16,chb16_16,1437,3,3600.0,-1.2108910764710044,8,0.801952580195258,0.0641177218408339,0.9979123173277662,1.0,0.0,,,0,0,3
10,0.001,100,chb16,chb16_17,1437,15,3600.0,-0.7328784793903895,3,0.6234880450070324,0.0175756111206979,0.9895615866388308,1.0,0.0,,,0,0,15
10,0.001,100,chb16,chb16_18,1437,7,3600.0,-1.1601059342554156,8,0.7392607392607393,0.0153483545310733,0.9951287404314544,1.0,0.0,,,0,0,7
10,0.001,100,chb16,chb16_01,1917,0,4800.0,-1.2006338211696042,8,,,,,,,,0,0,0
10,0.001,100,chb16,chb16_02,1917,0,4800.0,-1.2057687359251803,8,,,,,,,,0,0,0
10,0.001,100,chb16,chb16_03,1917,0,4800.0,-1.2046978834830069,8,,,,,,,,0,0,0
10,0.001,100,chb16,chb16_04,1917,0,4800.0,-0.6152725520919357,3,,,,,,,,0,0,0
10,0.001,100,chb16,chb16_05,1917,0,4800.0,-1.206929546208254,8,,,,,,,,0,0,0
10,0.001,100,chb16,chb16_06,1917,0,4800.0,-1.2255366077663097,8,,,,,,,,0,0,0
10,0.001,100,chb16,chb16_07,1917,0,4800.0,-1.2020768125214831,8,,,,,,,,0,0,0
10,0.001,100,chb16,chb16_08,1917,0,4800.0,-1.2003004323010278,8,,,,,,,,0,0,0
10,0.001,100,chb16,chb16_09,1917,0,4800.0,-1.232474884160705,8,,,,,,,,0,0,0
10,0.001,100,chb16,chb16_12,1917,0,4800.0,-0.6081891620970536,3,,,,,,,,0,0,0
10,0.001,100,chb16,chb16_13,1917,0,4800.0,-1.2084006667962108,8,,,,,,,,0,0,0
10,0.001,100,chb16,chb16_15,1917,0,4800.0,-0.6236625974024912,3,,,,,,,,0,0,0
10,0.001,100,chb16,chb16_19,1917,0,4800.0,-1.1700305698641489,8,,,,,,,,0,0,0
10,0.001,100,chb17,chb17a_03,1437,36,3600.0,-0.2994735629013038,2,0.8623800459988897,0.2178846491799342,0.974947807933194,1.0,0.0,,,0,0,36
10,0.001,100,chb17,chb17a_04,1437,47,3600.0,-0.6239448751253807,3,0.7216439614266034,0.2779640250087686,0.9700765483646486,1.0,0.0851063829787234,1.0,0.1568627450980392,4,0,43
10,0.001,100,chb17,chb17b_63,1446,35,3622.5,-0.4319265271780154,2,0.954277614660322,0.7484276246413244,0.9813278008298756,1.0,0.2285714285714285,1.0,0.3720930232558139,8,0,27
10,0.001,100,chb17,chb17a_05,1917,0,4800.0,-0.2689465264923374,1,,,,,,,,0,0,0
10,0.001,100,chb17,chb17a_06,1917,0,4800.0,-0.2923008789272627,1,,,,,,,,0,0,0
10,0.001,100,chb17,chb17a_08,1917,0,4800.0,-0.2447268703650984,1,,,,,,,,0,0,0
10,0.001,100,chb17,chb17b_57,1917,0,4800.0,-0.22447790318651,1,,,,,,,,0,0,0
10,0.001,100,chb17,chb17b_58,1917,0,4800.0,-0.1868401554246981,1,,,,,,,,0,0,0
10,0.001,100,chb17,chb17b_59,1917,0,4800.0,-0.1992064709318433,1,,,,,,,,0,0,0
10,0.001,100,chb17,chb17b_60,1917,0,4800.0,-1.0734234388443324,8,,,,,,,,0,0,0
10,0.001,100,chb17,chb17b_67,1917,0,4800.0,-0.2571110400506036,2,,,,,,,,0,0,0
10,0.001,100,chb17,chb17b_68,1917,0,4800.0,-0.2349743319959152,1,,,,,,,,0,0,0
10,0.001,100,chb17,chb17b_69,780,0,1957.5,-0.2010423600815868,1,,,,,,,,0,0,0
10,0.001,100,chb17,chb17c_02,1917,0,4800.0,-0.2346362413052722,2,,,,,,,,0,0,0
10,0.001,100,chb17,chb17c_03,1917,0,4800.0,-0.2847368427311287,2,,,,,,,,0,0,0
10,0.001,100,chb17,chb17c_04,1917,0,4800.0,-0.2191191144501265,1,,,,,,,,0,0,0
10,0.001,100,chb17,chb17c_05,1917,0,4800.0,-0.2298023657187972,2,,,,,,,,0,0,0
10,0.001,100,chb17,chb17c_06,1917,0,4800.0,-0.2541924552364373,2,,,,,,,,0,0,0
10,0.001,100,chb17,chb17c_07,1917,0,4800.0,-0.2291124252513418,1,,,,,,,,0,0,0
10,0.001,100,chb17,chb17c_08,1917,0,4800.0,-0.2774021865820637,2,,,,,,,,0,0,0
10,0.001,100,chb17,chb17c_13,1917,0,4800.0,-0.2393696273987589,2,,,,,,,,0,0,0
10,0.001,100,chb18,chb18_29,1437,20,3600.0,0.0058964355838155,1,0.845271700776288,0.5756866233122824,0.9860821155184412,1.0,0.0,,,0,0,20
10,0.001,100,chb18,chb18_30,1437,12,3600.0,-0.9787925870175446,8,0.317251461988304,0.0061955997225352,0.9916492693110648,1.0,0.0,,,0,0,12
10,0.001,100,chb18,chb18_31,906,28,2272.5,-0.932964012725422,6,0.9665636186137324,0.7264957593001952,0.9812362030905076,1.0,0.3928571428571428,1.0,0.5641025641025641,11,0,17
10,0.001,100,chb18,chb18_32,1437,22,3600.0,-0.9843689929560416,6,0.9986508191455188,0.9370252879519568,0.9951287404314544,1.0,0.6818181818181818,1.0,0.8108108108108109,15,0,7
10,0.001,100,chb18,chb18_35,1437,27,3600.0,-0.0042866313960207,1,0.8560283687943262,0.4194402850082878,0.9826026443980516,1.0,0.074074074074074,1.0,0.1379310344827586,2,0,25
10,0.001,100,chb18,chb18_36,1437,18,3600.0,-0.0509184559426386,1,0.8688434734946362,0.4581303287810223,0.988865692414753,1.0,0.1111111111111111,1.0,0.1999999999999999,2,0,16
10,0.001,100,chb18,chb18_01,1922,0,4812.5,0.0140884649889528,1,,,,,,,,0,0,0
10,0.001,100,chb18,chb18_02,1917,0,4800.0,-0.902266515042075,6,,,,,,,,0,0,0
10,0.001,100,chb18,chb18_03,1917,0,4800.0,-0.904209057075092,6,,,,,,,,0,0,0
10,0.001,100,chb18,chb18_04,1917,0,4800.0,0.1275885112472699,1,,,,,,,,0,0,0
10,0.001,100,chb18,chb18_05,1917,0,4800.0,-0.9027662722718236,6,,,,,,,,0,0,0
10,0.001,100,chb18,chb18_06,1917,0,4800.0,0.075534336621053,1,,,,,,,,0,0,0
10,0.001,100,chb18,chb18_07,1917,0,4800.0,0.0670677594380645,1,,,,,,,,0,0,0
10,0.001,100,chb18,chb18_08,1917,0,4800.0,-0.906142765120688,6,,,,,,,,0,0,0
10,0.001,100,chb18,chb18_09,1917,0,4800.0,-0.899296569023449,6,,,,,,,,0,0,0
10,0.001,100,chb18,chb18_10,1917,0,4800.0,0.1450000564555616,1,,,,,,,,0,0,0
10,0.001,100,chb18,chb18_11,1917,0,4800.0,-0.9012879637895186,6,,,,,,,,0,0,0
10,0.001,100,chb18,chb18_12,1917,0,4800.0,0.0962058010311655,1,,,,,,,,0,0,0
10,0.001,100,chb18,chb18_13,1917,0,4800.0,0.0946056297085801,1,,,,,,,,0,0,0
10,0.001,100,chb18,chb18_14,1917,0,4800.0,0.0965986633464756,1,,,,,,,,0,0,0
10,0.001,100,chb18,chb18_15,1917,0,4800.0,0.1009663372023289,1,,,,,,,,0,0,0
10,0.001,100,chb18,chb18_16,1917,0,4800.0,-0.9064415878868812,6,,,,,,,,0,0,0
10,0.001,100,chb18,chb18_17,1917,0,4800.0,0.1016003697021316,1,,,,,,,,0,0,0
10,0.001,100,chb18,chb18_18,1917,0,4800.0,-0.896546691578536,6,,,,,,,,0,0,0
10,0.001,100,chb18,chb18_19,1917,0,4800.0,0.1222527784828086,1,,,,,,,,0,0,0
10,0.001,100,chb18,chb18_20,1917,0,4800.0,-0.8972435013224376,6,,,,,,,,0,0,0
10,0.001,100,chb18,chb18_21,1917,0,4800.0,-0.9113819976100996,6,,,,,,,,0,0,0
10,0.001,100,chb18,chb18_22,1917,0,4800.0,-0.9095019984861918,6,,,,,,,,0,0,0
10,0.001,100,chb18,chb18_23,1917,0,4800.0,0.1116384343644855,1,,,,,,,,0,2,0
10,0.001,100,chb18,chb18_24,1917,0,4800.0,0.0608947928362782,1,,,,,,,,0,0,0
10,0.001,100,chb18,chb18_25,1917,0,4800.0,-0.8939833632965403,6,,,,,,,,0,0,0
10,0.001,100,chb18,chb18_26,1917,0,4800.0,-0.9001930490693478,6,,,,,,,,0,0,0
10,0.001,100,chb18,chb18_27,1917,0,4800.0,-0.891406000820937,6,,,,,,,,0,0,0
10,0.001,100,chb18,chb18_28,1917,0,4800.0,0.1073011827973768,1,,,,,,,,0,0,0
10,0.001,100,chb18,chb18_33,1917,0,4800.0,0.0775254488989645,1,,,,,,,,0,0,0
10,0.001,100,chb18,chb18_34,1917,0,4800.0,-0.9082777510880788,6,,,,,,,,0,0,0
10,0.001,100,chb19,chb19_28,1441,31,3610.0,-1.037509396272931,6,0.6490048043925876,0.0510666985569366,0.974323386537127,0.9957446808510638,0.0,0.0,,0,6,31
10,0.001,100,chb19,chb19_29,1437,31,3600.0,-0.2499406252333617,3,0.6609232322305328,0.3079534658509413,0.9791231732776616,1.0,0.032258064516129,1.0,0.0625,1,0,30
10,0.001,100,chb19,chb19_30,1330,33,3332.5,-1.0926061135834764,8,0.8818251910002103,0.2988437044295595,0.9774436090225564,0.9992289899768696,0.1212121212121212,0.8,0.2105263157894737,4,1,29
10,0.001,100,chb19,chb19_01,1917,0,4800.0,-0.0972027528629476,2,,,,,,,,0,0,0
10,0.001,100,chb19,chb19_02,1917,0,4800.0,-0.036582994557518,2,,,,,,,,0,0,0
10,0.001,100,chb19,chb19_03,1917,0,4800.0,-0.0984656770610075,2,,,,,,,,0,0,0
10,0.001,100,chb19,chb19_04,1917,0,4800.0,-1.0863584172894505,8,,,,,,,,0,0,0
10,0.001,100,chb19,chb19_05,1917,0,4800.0,-0.9346486217876604,6,,,,,,,,0,2,0
10,0.001,100,chb19,chb19_06,1917,0,4800.0,-0.072772236495019,2,,,,,,,,0,1,0
10,0.001,100,chb19,chb19_07,1917,0,4800.0,-0.0690750268611208,2,,,,,,,,0,0,0
10,0.001,100,chb19,chb19_08,1917,0,4800.0,-0.0611352351999395,2,,,,,,,,0,0,0
10,0.001,100,chb19,chb19_09,1917,0,4800.0,-0.1320101125930033,2,,,,,,,,0,0,0
10,0.001,100,chb19,chb19_10,1917,0,4800.0,-0.9407848879507298,6,,,,,,,,0,0,0
10,0.001,100,chb19,chb19_11,1917,0,4800.0,0.0124132795956164,2,,,,,,,,0,0,0
10,0.001,100,chb19,chb19_12,1917,0,4800.0,-0.9605117634119348,8,,,,,,,,0,0,0
10,0.001,100,chb19,chb19_13,1917,0,4800.0,-0.936196917708318,6,,,,,,,,0,0,0
10,0.001,100,chb19,chb19_14,1917,0,4800.0,-0.0731537578397286,2,,,,,,,,0,0,0
10,0.001,100,chb19,chb19_15,1917,0,4800.0,-0.0531180617924077,2,,,,,,,,0,0,0
10,0.001,100,chb19,chb19_16,1917,0,4800.0,-0.1131247301355998,2,,,,,,,,0,1,0
10,0.001,100,chb19,chb19_17,1917,0,4800.0,-0.1079353588081876,2,,,,,,,,0,1,0
10,0.001,100,chb19,chb19_18,1917,0,4800.0,-0.0985132317679984,2,,,,,,,,0,6,0
10,0.001,100,chb19,chb19_19,1917,0,4800.0,-0.062625337182931,2,,,,,,,,0,0,0
10,0.001,100,chb19,chb19_20,1917,0,4800.0,-0.0026342948246609,2,,,,,,,,0,1,0
10,0.001,100,chb19,chb19_21,1917,0,4800.0,-0.0929622444974849,2,,,,,,,,0,0,0
10,0.001,100,chb19,chb19_22,1917,0,4800.0,-0.0246432207183824,2,,,,,,,,0,1,0
10,0.001,100,chb19,chb19_23,1917,0,4800.0,-0.0633233713319709,2,,,,,,,,0,0,0
10,0.001,100,chb19,chb19_24,1917,0,4800.0,0.0191563670480088,2,,,,,,,,0,0,0
10,0.001,100,chb19,chb19_25,1917,0,4800.0,-0.0672847823048737,2,,,,,,,,0,0,0
10,0.001,100,chb19,chb19_26,1917,0,4800.0,-0.9393194041431372,8,,,,,,,,0,0,0
10,0.001,100,chb19,chb19_27,1917,0,4800.0,-0.934761083036208,8,,,,,,,,0,2,0
10,0.001,100,chb20,chb20_12,1437,12,3600.0,-1.0053496059850742,8,0.9530409356725146,0.1457706572550016,0.9916492693110648,1.0,0.0,,,0,0,12
10,0.001,100,chb20,chb20_13,1437,28,3600.0,-1.0219599590759298,8,0.9557436885329008,0.4925247722171958,0.9805149617258176,1.0,0.0,,,0,0,28
10,0.001,100,chb20,chb20_14,1437,15,3600.0,-0.8832265808944839,4,0.9547585560243788,0.3513765774087181,0.9895615866388308,0.99929676511955,0.0666666666666666,0.5,0.1176470588235294,1,1,14
10,0.001,100,chb20,chb20_15,1437,35,3600.0,-0.9800590176048886,6,0.9504992867332382,0.4621538689208335,0.975643702157272,1.0,0.0,,,0,0,35
10,0.001,100,chb20,chb20_16,1384,14,3467.5,-0.8643592782129592,6,0.9302919708029196,0.1321498427610114,0.9898843930635838,1.0,0.0,,,0,0,14
10,0.001,100,chb20,chb20_68,863,15,2165.0,-0.9699599931875014,6,0.92311320754717,0.1404758158356763,0.9826187717265352,1.0,0.0,,,0,0,15
10,0.001,100,chb20,chb20_01,1920,0,4807.5,-0.8658902082257279,6,,,,,,,,0,0,0
10,0.001,100,chb20,chb20_02,1917,0,4800.0,-0.956749677301398,6,,,,,,,,0,0,0
10,0.001,100,chb20,chb20_03,1917,0,4800.0,-0.9508895423782469,6,,,,,,,,0,0,0
10,0.001,100,chb20,chb20_04,1917,0,4800.0,-0.948247930837838,6,,,,,,,,0,0,0
10,0.001,100,chb20,chb20_05,1437,0,3600.0,-0.9491497702655604,6,,,,,,,,0,0,0
10,0.001,100,chb20,chb20_06,1917,0,4800.0,-0.9499903789290716,6,,,,,,,,0,0,0
10,0.001,100,chb20,chb20_07,1917,0,4800.0,-1.0487576442478084,8,,,,,,,,0,0,0
10,0.001,100,chb20,chb20_08,1917,0,4800.0,-0.9955801470273518,8,,,,,,,,0,0,0
10,0.001,100,chb20,chb20_11,1917,0,4800.0,-0.949452913690144,6,,,,,,,,0,0,0
10,0.001,100,chb20,chb20_17,1917,0,4800.0,-0.9995632658040404,6,,,,,,,,0,0,0
10,0.001,100,chb20,chb20_21,1926,0,4822.5,-0.9576109228519794,6,,,,,,,,0,0,0
10,0.001,100,chb20,chb20_22,392,0,987.5,-0.9503485503610752,6,,,,,,,,0,0,0
10,0.001,100,chb20,chb20_23,1577,0,3950.0,-0.9965880893031872,8,,,,,,,,0,0,0
10,0.001,100,chb20,chb20_25,1917,0,4800.0,-0.9526977942278028,6,,,,,,,,0,0,0
10,0.001,100,chb20,chb20_26,1917,0,4800.0,-0.9483198555762592,6,,,,,,,,0,0,0
10,0.001,100,chb20,chb20_27,1917,0,4800.0,-0.956439659853804,6,,,,,,,,0,0,0
10,0.001,100,chb20,chb20_28,1917,0,4800.0,-0.9491127228428284,6,,,,,,,,0,0,0
10,0.001,100,chb20,chb20_29,1917,0,4800.0,-1.0287372690844794,8,,,,,,,,0,0,0
10,0.001,100,chb20,chb20_30,1917,0,4800.0,-0.9470467032097986,6,,,,,,,,0,0,0
10,0.001,100,chb20,chb20_31,1917,0,4800.0,-0.9479872505158232,6,,,,,,,,0,0,0
10,0.001,100,chb20,chb20_34,1917,0,4800.0,-0.9482155286524384,6,,,,,,,,0,0,0
10,0.001,100,chb20,chb20_59,1917,0,4800.0,-0.9452140361869158,6,,,,,,,,0,0,0
10,0.001,100,chb20,chb20_60,1917,0,4800.0,-0.9530042314563886,6,,,,,,,,0,0,0
10,0.001,100,chb21,chb21_19,1437,22,3600.0,-0.4851987914426385,2,0.9809508512688724,0.8092147320685517,0.9874739039665972,1.0,0.1818181818181818,1.0,0.3076923076923077,4,0,18
10,0.001,100,chb21,chb21_20,1193,20,2990.0,-0.3604292574936499,2,0.9430946291560104,0.4227862940948819,0.9849119865884324,1.0,0.1,1.0,0.1818181818181818,2,0,18
10,0.001,100,chb21,chb21_21,1437,32,3600.0,-1.027999006491389,6,0.9505338078291814,0.5176799940246195,0.9798190675017396,1.0,0.09375,1.0,0.1714285714285714,3,0,29
10,0.001,100,chb21,chb21_22,1437,5,3600.0,-0.2100594291624969,2,0.9520949720670392,0.4408424908424909,0.9972164231036882,1.0,0.2,1.0,0.3333333333333333,1,0,4
10,0.001,100,chb21,chb21_01,1917,0,4800.0,-0.1755805829149826,1,,,,,,,,0,0,0
10,0.001,100,chb21,chb21_02,1917,0,4800.0,-0.1176295364715606,1,,,,,,,,0,0,0
10,0.001,100,chb21,chb21_03,1917,0,4800.0,-0.1425304203857861,1,,,,,,,,0,0,0
10,0.001,100,chb21,chb21_04,1917,0,4800.0,-0.1942945200271154,2,,,,,,,,0,0,0
10,0.001,100,chb21,chb21_05,1917,0,4800.0,-0.965916257578666,6,,,,,,,,0,0,0
10,0.001,100,chb21,chb21_06,1917,0,4800.0,-0.1603075221409545,1,,,,,,,,0,0,0
10,0.001,100,chb21,chb21_07,1917,0,4800.0,-0.0342689249951324,1,,,,,,,,0,0,0
10,0.001,100,chb21,chb21_08,1917,0,4800.0,-1.0786439541747237,6,,,,,,,,0,0,0
10,0.001,100,chb21,chb21_09,1917,0,4800.0,-0.0960055529657269,1,,,,,,,,0,0,0
10,0.001,100,chb21,chb21_10,1917,0,4800.0,-1.1357839974430564,8,,,,,,,,0,0,0
10,0.001,100,chb21,chb21_11,1917,0,4800.0,-0.1948716867245924,1,,,,,,,,0,0,0
10,0.001,100,chb21,chb21_12,1917,0,4800.0,-0.2455912228411566,1,,,,,,,,0,0,0
10,0.001,100,chb21,chb21_13,1917,0,4800.0,-0.1265618367599459,1,,,,,,,,0,0,0
10,0.001,100,chb21,chb21_14,1917,0,4800.0,-1.0921242650423144,8,,,,,,,,0,0,0
10,0.001,100,chb21,chb21_15,1917,0,4800.0,-0.1949872051038593,1,,,,,,,,0,0,0
10,0.001,100,chb21,chb21_16,1916,0,4797.5,-0.1838529736825865,2,,,,,,,,0,1,0
10,0.001,100,chb21,chb21_17,1917,0,4800.0,-1.1230899331047288,8,,,,,,,,0,0,0
10,0.001,100,chb21,chb21_18,1917,0,4800.0,-0.2365828300359174,1,,,,,,,,0,0,0
10,0.001,100,chb21,chb21_23,1917,0,4800.0,-0.0738550148575963,1,,,,,,,,0,0,0
10,0.001,100,chb21,chb21_24,1917,0,4800.0,-1.0708894893110683,8,,,,,,,,0,0,0
10,0.001,100,chb21,chb21_25,1917,0,4800.0,-0.9674164174943848,6,,,,,,,,0,0,0
10,0.001,100,chb21,chb21_26,1917,0,4800.0,-0.1217124824283837,1,,,,,,,,0,0,0
10,0.001,100,chb21,chb21_27,1917,0,4800.0,-0.1159554411202459,1,,,,,,,,0,0,0
10,0.001,100,chb21,chb21_28,1917,0,4800.0,-0.9834370488448884,6,,,,,,,,0,0,0
10,0.001,100,chb21,chb21_29,1917,0,4800.0,-0.2380084671770372,1,,,,,,,,0,0,0
10,0.001,100,chb21,chb21_30,1917,0,4800.0,-0.2109618470844688,2,,,,,,,,0,0,0
10,0.001,100,chb21,chb21_31,1917,0,4800.0,-1.0599186354115624,8,,,,,,,,0,1,0
10,0.001,100,chb21,chb21_32,1917,0,4800.0,-0.1643268432906941,2,,,,,,,,0,3,0
10,0.001,100,chb21,chb21_33,1917,0,4800.0,-0.183588549942864,2,,,,,,,,0,0,0
10,0.001,100,chb22,chb22_20,1437,24,3600.0,-0.3316006240871149,1,0.9931292757725878,0.7469416797685173,0.9867780097425192,1.0,0.2083333333333333,1.0,0.3448275862068966,5,0,19
10,0.001,100,chb22,chb22_25,1437,30,3600.0,-0.4629758348852391,1,0.899857853589197,0.7288415319223136,0.9826026443980516,1.0,0.1666666666666666,1.0,0.2857142857142857,5,0,25
10,0.001,100,chb22,chb22_38,1437,29,3600.0,-0.4610551230327523,1,0.993730407523511,0.8686086355274785,0.9839944328462074,1.0,0.2068965517241379,1.0,0.3428571428571428,6,0,23
10,0.001,100,chb22,chb22_01,1917,0,4800.0,-0.0161748848593055,1,,,,,,,,0,0,0
10,0.001,100,chb22,chb22_02,1917,0,4800.0,-0.0491870726929754,1,,,,,,,,0,0,0
10,0.001,100,chb22,chb22_03,1917,0,4800.0,-0.0382565325325705,1,,,,,,,,0,0,0
10,0.001,100,chb22,chb22_04,1917,0,4800.0,-0.0209407731519771,1,,,,,,,,0,0,0
10,0.001,100,chb22,chb22_05,1917,0,4800.0,-0.0497197724416749,1,,,,,,,,0,0,0
10,0.001,100,chb22,chb22_06,1917,0,4800.0,-0.0230806936442765,1,,,,,,,,0,0,0
10,0.001,100,chb22,chb22_07,1917,0,4800.0,0.0544858451965492,1,,,,,,,,0,0,0
10,0.001,100,chb22,chb22_08,1917,0,4800.0,-0.0513741533623638,1,,,,,,,,0,0,0
10,0.001,100,chb22,chb22_09,1917,0,4800.0,-0.0019545179890109,1,,,,,,,,0,0,0
10,0.001,100,chb22,chb22_10,1917,0,4800.0,0.0068725651056723,1,,,,,,,,0,0,0
10,0.001,100,chb22,chb22_11,1921,0,4810.0,-0.0157027113279575,1,,,,,,,,0,0,0
10,0.001,100,chb22,chb22_15,1917,0,4800.0,-0.0332027211688606,1,,,,,,,,0,0,0
10,0.001,100,chb22,chb22_16,1917,0,4800.0,0.0403048941920742,1,,,,,,,,0,0,0
10,0.001,100,chb22,chb22_17,1917,0,4800.0,-0.0170731530959511,1,,,,,,,,0,0,0
10,0.001,100,chb22,chb22_18,1917,0,4800.0,-0.0461951201274843,1,,,,,,,,0,0,0
10,0.001,100,chb22,chb22_19,1917,0,4800.0,0.0065078198042124,1,,,,,,,,0,0,0
10,0.001,100,chb22,chb22_21,1917,0,4800.0,-0.0303618939175105,1,,,,,,,,0,0,0
10,0.001,100,chb22,chb22_22,1917,0,4800.0,0.0380090305235442,1,,,,,,,,0,0,0
10,0.001,100,chb22,chb22_23,1917,0,4800.0,-0.0190288226083857,1,,,,,,,,0,0,0
10,0.001,100,chb22,chb22_24,1917,0,4800.0,0.0166355763333825,1,,,,,,,,0,0,0
10,0.001,100,chb22,chb22_26,1917,0,4800.0,-0.0408032737711849,1,,,,,,,,0,1,0
10,0.001,100,chb22,chb22_27,1917,0,4800.0,-0.0539531032659356,1,,,,,,,,0,0,0
10,0.001,100,chb22,chb22_28,1917,0,4800.0,0.0081086464763534,1,,,,,,,,0,0,0
10,0.001,100,chb22,chb22_29,1917,0,4800.0,-0.0286074121847068,1,,,,,,,,0,0,0
10,0.001,100,chb22,chb22_30,1917,0,4800.0,-0.0445267334046641,1,,,,,,,,0,0,0
10,0.001,100,chb22,chb22_51,1917,0,4800.0,-0.0324100454717085,1,,,,,,,,0,0,0
10,0.001,100,chb22,chb22_54,1917,0,4800.0,-0.0123483284083226,1,,,,,,,,0,0,0
10,0.001,100,chb22,chb22_77,1917,0,4800.0,-0.0170913969048845,1,,,,,,,,0,0,0
10,0.001,100,chb23,chb23_06,2991,46,7485.0,-0.8065911374167971,6,0.9875249132649296,0.7208241696681326,0.988632564359746,1.0,0.2608695652173913,1.0,0.4137931034482758,12,0,34
10,0.001,100,chb23,chb23_08,4133,28,10340.0,-0.8743204824472414,6,0.9884374456238036,0.5327165550338098,0.9929833051052503,0.9970767356881852,0.3928571428571428,0.4782608695652174,0.4313725490196078,11,12,17
10,0.001,100,chb23,chb23_09,5767,99,14425.0,-0.3900953326540834,2,0.9506016409686135,0.5691592066036381,0.984914166811167,0.9996471418489769,0.1414141414141414,0.875,0.2434782608695652,14,2,85
10,0.001,100,chb23,chb23_07,1362,0,3412.5,-0.8076776360667058,6,,,,,,,,0,0,0
10,0.001,100,chb23,chb23_10,7677,0,19200.0,0.3126059368245305,1,,,,,,,,0,2,0
10,0.001,100,chb23,chb23_16,7677,0,19200.0,0.292787643796558,1,,,,,,,,0,0,0
10,0.001,100,chb23,chb23_17,6710,0,16782.5,0.2714631810163241,1,,,,,,,,0,0,0
10,0.001,100,chb23,chb23_19,7677,0,19200.0,0.3193381944001478,1,,,,,,,,0,0,0
10,0.001,100,chb23,chb23_20,2668,0,6677.5,-0.8331355343032687,6,,,,,,,,0,1,0
10,0.001,100,chb24,chb24_01,1437,11,3600.0,-0.8652599103257909,8,0.9923498661226572,0.3951862113896036,0.9916492693110648,0.9964936886395512,0.3636363636363636,0.4444444444444444,0.3999999999999999,4,5,7
10,0.001,100,chb24,chb24_03,1437,12,3600.0,-0.2623921351918784,1,0.994502923976608,0.77290621516165,0.9944328462073764,1.0,0.3333333333333333,1.0,0.5,4,0,8
10,0.001,100,chb24,chb24_04,1437,13,3600.0,-0.8615444965068473,8,0.9297752808988764,0.1457177038153043,0.988169798190675,0.9950842696629212,0.2307692307692307,0.3,0.2608695652173913,3,7,10
10,0.001,100,chb24,chb24_06,1437,10,3600.0,-0.8648797239515389,8,0.9827610371408548,0.7865096693699313,0.9944328462073764,1.0,0.2,1.0,0.3333333333333333,2,0,8
10,0.001,100,chb24,chb24_07,1437,9,3600.0,-0.8579020948034932,8,0.9503579209461562,0.1519528924014364,0.9909533750869868,0.996498599439776,0.1111111111111111,0.1666666666666666,0.1333333333333333,1,5,8
10,0.001,100,chb24,chb24_09,1437,8,3600.0,-0.1794002430244851,1,0.997813156053184,0.8098039215686275,0.9944328462073764,1.0,0.0,,,0,0,8
10,0.001,100,chb24,chb24_11,1437,28,3600.0,-0.8664571295087571,8,0.6717783635810606,0.1679098223125877,0.9798190675017396,0.9992902767920512,0.0,0.0,,0,1,28
10,0.001,100,chb24,chb24_13,1437,6,3600.0,-0.8467270080955818,6,0.979501514092709,0.1258894410793145,0.9958246346555324,1.0,0.0,,,0,0,6
10,0.001,100,chb24,chb24_14,1437,11,3600.0,-0.8610603958847844,8,0.859301287772536,0.095563288814605,0.9902574808629088,0.9978962131837308,0.0,0.0,,0,3,11
10,0.001,100,chb24,chb24_15,1437,7,3600.0,-0.2156830568747983,1,0.9895104895104896,0.3963730319714093,0.9951287404314544,1.0,0.0,,,0,0,7
10,0.001,100,chb24,chb24_17,1437,27,3600.0,-0.3117713421291688,1,0.9995271867612292,0.9779511814682064,0.9819067501739736,1.0,0.037037037037037,1.0,0.0714285714285714,1,0,26
10,0.001,100,chb24,chb24_21,1437,27,3600.0,-0.2620915434208856,1,0.9898607827685842,0.5684515313940868,0.9812108559498957,1.0,0.0,,,0,0,27
10,0.001,100,chb24,chb24_02,1917,0,4800.0,-0.855234053592634,6,,,,,,,,0,0,0
10,0.001,100,chb24,chb24_05,1917,0,4800.0,-0.8457623548397667,6,,,,,,,,0,0,0
10,0.001,100,chb24,chb24_08,1917,0,4800.0,-0.8419307537213405,6,,,,,,,,0,1,0
10,0.001,100,chb24,chb24_10,1917,0,4800.0,-0.848986574435298,6,,,,,,,,0,0,0
10,0.001,100,chb24,chb24_12,1917,0,4800.0,-0.8381577154605286,6,,,,,,,,0,0,0
10,0.001,100,chb24,chb24_16,1917,0,4800.0,-0.8268482310334864,6,,,,,,,,0,0,0
10,0.001,100,chb24,chb24_18,1917,0,4800.0,-0.9121716105801416,8,,,,,,,,0,1,0
10,0.001,100,chb24,chb24_19,1917,0,4800.0,-0.8287329562659315,6,,,,,,,,0,0,0
10,0.001,100,chb24,chb24_20,1917,0,4800.0,-0.8269615086559671,6,,,,,,,,0,0,0
10,0.001,100,chb24,chb24_22,566,0,1422.5,-0.8531966880342781,8,,,,,,,,0,0,0
