Feature,Band,Source,Target,Connection
277,Delta,F4,O1,F4 → O1
299,Delta,C4,O2,C4 → O2
280,Delta,C3,O1,C3 → O1
274,Delta,F7,O1,F7 → O1
1215,Beta,C3,O2,C3 → O2
301,Delta,T5,O2,T5 → O2
303,Delta,Pz,O2,Pz → O2
1288,Gamma,Pz,F3,Pz → F3
1529,Gamma,O1,O2,O1 → O2
580,Theta,F7,O1,F7 → O1
909,Alpha,C3,O2,C3 → O2
281,Delta,Cz,O1,Cz → O1
288,Delta,O2,O1,O2 → O1
289,Delta,Fp1,O2,Fp1 → O2
607,Theta,T5,O2,T5 → O2
279,Delta,T3,O1,T3 → O1
1024,Beta,Fz,F8,Fz → F8
1494,Gamma,O1,P4,O1 → P4
305,Delta,O1,O2,O1 → O2
609,Theta,Pz,O2,Pz → O2
795,Alpha,Pz,C4,Pz → C4
594,Theta,O2,O1,O2 → O1
603,Theta,C3,O2,C3 → O2
1517,Gamma,Fz,O2,Fz → O2
583,Theta,F4,O1,F4 → O1
587,Theta,Cz,O1,Cz → O1
291,Delta,F7,O2,F7 → O2
1105,Beta,Fp1,T4,Fp1 → T4
298,Delta,Cz,O2,Cz → O2
1030,Beta,T4,F8,T4 → F8
1209,Beta,F7,O2,F7 → O2
251,Delta,P3,Pz,P3 → Pz
294,Delta,F4,O2,F4 → O2
886,Alpha,F7,O1,F7 → O1
761,Alpha,Pz,C3,Pz → C3
1339,Gamma,Pz,F8,Pz → F8
1313,Gamma,Fz,F4,Fz → F4
1420,Gamma,Cz,T4,Cz → T4
302,Delta,P3,O2,P3 → O2
1407,Gamma,Pz,C4,Pz → C4
1348,Gamma,F4,T3,F4 → T3
829,Alpha,Pz,T5,Pz → T5
1090,Beta,F7,C4,F7 → C4
1411,Gamma,Fp1,T4,Fp1 → T4
812,Alpha,Pz,T4,Pz → T4
597,Theta,F7,O2,F7 → O2
1023,Beta,F3,F8,F3 → F8
605,Theta,C4,O2,C4 → O2
1322,Gamma,Pz,F4,Pz → F4
557,Theta,P3,Pz,P3 → Pz
