correlation,mae
0.999992481928247,1.58878904821727e-05
0.99998921052915,2.8479332322415e-05
0.999997031585281,1.17251300939787e-05
0.999995913655269,8.07329008963459e-06
0.999992984560693,9.81186814504402e-06
0.999990078269705,2.14073304477134e-05
0.999976262509636,2.84789044286976e-05
0.999994082606584,1.6279306208584e-05
0.9999965265837,2.8482675689571e-05
0.999995225180081,2.83105967478828e-05
0.999995842364722,1.53004880711514e-05
0.999983742030866,3.14211472996366e-05
0.99999534897994,1.37243403128194e-05
0.999995932328883,1.07106186941255e-05
0.999996808894099,1.30840029426545e-05
0.999994368029764,2.33671307185603e-05
0.999988749385669,2.47413455601145e-05
0.99997788271475,1.64507015744885e-05
0.9999886665888,2.53932964920576e-05
0.999995262688807,1.81961713397301e-05
0.999991918425644,1.97300999606032e-05
0.999992606078344,2.85761349372152e-05
0.999993320732916,1.6218587555854e-05
0.999993689608639,2.27970280254822e-05
0.999996682517872,9.29326311374258e-06
0.99999406073439,1.6750384695409e-05
0.999993283709617,1.368881244763e-05
0.999992196341041,1.9217866648694e-05
0.999995423226245,9.23497052264515e-06
0.999995608821587,7.15415928547818e-06
0.999998141251401,1.01684118315395e-05
0.999995519443174,1.1143878025007e-05
0.999997260851468,2.30609091239799e-05
0.999985946461935,1.44955982601331e-05
0.999996448698722,1.02945498302983e-05
0.999995008245566,8.40856838925072e-06
0.999945693417119,3.98033792883217e-05
0.99999819402762,1.38232536500815e-05
0.999566065503672,3.82837811132247e-05
0.999997813018744,1.27863707479714e-05
0.999989451794179,2.38769240911638e-05
0.99997842247967,1.9406473633441e-05
0.999987776627966,2.0521979100925e-05
0.999992721194353,1.92472332733198e-05
0.999988260347264,3.12311670547051e-05
0.999978095432284,2.45195553350179e-05
0.999990612301804,2.85332705287787e-05
0.999979776138296,1.63067371423228e-05
0.999955046729138,3.05918767162283e-05
0.999974850711037,1.67795623059599e-05
0.999994836689593,1.26611628647601e-05
0.999997251214355,9.16970928076011e-06
0.999994344028636,7.44770954869213e-06
0.999997223320447,6.82219152849761e-06
0.999997748335785,8.17130545384216e-06
0.999997491007041,8.68661822986033e-06
0.999997995480275,6.44494258355165e-06
0.99999885835921,3.95104131142657e-06
0.999996833458316,7.64995007614312e-06
0.999998899141715,3.9489889929209e-06
0.999999373609877,1.50086567276798e-06
0.999999245290487,9.20876307056701e-06
0.999998670141643,4.89341114656115e-06
0.999998125965938,6.9733052360011e-06
0.99999332654971,1.67358664868505e-05
1,0
0.999991424199375,2.55464348922046e-05
0.99999716322193,1.28726063087268e-05
1,0
0.999998609865992,8.81105299701783e-06
0.999952650531579,2.17015740269658e-05
0.999926027167431,2.66356297856489e-05
0.999943335927624,2.35121194611379e-05
0.999994260100928,2.98054741816008e-05
0.999977372790125,2.67728658125644e-05
0.999973823737829,2.69193653537815e-05
0.9999924841696,2.29314594347111e-05
0.999975266616436,4.44888672991246e-05
0.999928763940195,1.38333015314193e-05
0.999826247903594,4.6623078640319e-05
0.999996427026426,7.10317951991426e-06
0.999943736446873,2.52871456725101e-05
0.999994692622969,5.5825646618088e-06
0.999998317096509,3.8528717215762e-06
0.99999760230274,4.95892742643018e-06
0.999998949159768,3.7625896878083e-06
0.999999436664923,3.71121780376045e-06
0.999998224566092,6.1768481892354e-06
0.999998333964378,5.07225768958681e-06
0.999996629293319,6.81760468674463e-06
0.999978110720501,1.98820494239267e-05
0.999870151727427,3.58159417867388e-05
0.999991048112339,2.05502868352629e-05
0.999992307988097,1.44453218931803e-05
0.999986532582694,1.94624461966221e-05
0.999979399491472,2.64918773993043e-05
0.999992461904825,1.66735308527695e-05
0.999985871716423,1.95213223892789e-05
0.9999916380463,1.55648671072778e-05
0.999950576650982,4.11896343400607e-05
0.999994668469349,6.65029993321882e-06
0.999999176835755,1.14449866196984e-05
0.999998461698742,6.02205625324456e-06
0.999998162583716,1.41906837727625e-05
0.999984160998145,2.60174615864113e-05
0.999999277616316,6.11587533885496e-06
0.999999532834222,3.40951314793726e-06
0.999998788931603,4.78196921844353e-06
0.99999692621304,1.00457343178829e-05
0.999999241556647,4.2969509990878e-06
0.999990684409418,1.53436637807264e-05
0.999954698404488,2.25975187693289e-05
0.999986959036376,1.74183100332317e-05
0.999992633620927,1.35425060506088e-05
0.999990614936008,8.45648134816283e-06
0.999992375105119,9.74567197490818e-06
0.999991336513359,1.36860775106735e-05
0.999996645864115,5.48439757948108e-06
0.999987553473124,1.73450564406605e-05
0.999992554733095,1.168377343985e-05
0.999993223986561,2.1635485943417e-05
0.99999861725076,7.50824943339919e-06
0.999998413341439,7.58953454928462e-06
0.999990708968837,2.2324372698588e-05
0.999994626827922,1.66305261786853e-05
0.999997695674274,1.39784792367471e-05
0.999997911774615,6.9468094553257e-06
0.999993171850406,1.43097845473556e-05
0.99999957091175,7.29923877950872e-06
0.999997495332189,1.78344777913677e-05
0.999991675683271,1.74975789541172e-05
0.999969925020559,1.71977021522898e-05
0.999984020682607,1.98958803492613e-05
0.999964808604782,1.89948934232504e-05
0.999994108492361,1.52821665260383e-05
0.999989079106425,1.43888886105155e-05
0.999994775766321,1.11494707287909e-05
0.999994139338862,1.28499298500954e-05
0.999993371713248,9.69928031469596e-06
0.999989503487578,1.06164625206102e-05
0.999999812594305,1.48580405957828e-06
0.999998107291941,6.21195440786616e-06
0.99999983997877,3.08625758043625e-06
1,0
1,0
0.999998535891305,6.04218949516926e-06
1,0
0.999999245357201,4.2802335981762e-06
0.999997472078249,5.85804433184514e-06
0.999999511914486,2.57515777362177e-06
0.999995620102201,9.57804812677641e-06
0.999994863024472,1.3847612565585e-05
0.999964845217713,1.77552196099744e-05
0.999952870036943,2.33680900108677e-05
0.999994344435244,1.54032493778754e-05
0.999983919551454,2.03699522153373e-05
0.999995698369135,7.8607376667196e-06
0.999835005020531,3.5621612630103e-05
0.999985394895443,1.46195259205645e-05
0.999973981782634,2.6704093083892e-05
0.999999475835579,3.73950883612326e-06
0.999998483816222,1.09019792666566e-05
0.999999396334621,5.07119122224654e-06
0.999999207739306,4.38189679641005e-06
0.999996513412498,1.07684280289665e-05
0.999728516399809,1.45166694614319e-05
0.999999216125619,4.17955357564255e-06
0.999999458269755,2.42294189079069e-06
1,0
0.99999894447485,6.42015388436514e-06
0.999999272949561,1.2321289367111e-05
0.999999666931221,8.99395360726634e-06
0.999997793451111,4.98022684192387e-06
0.999999758336643,3.60131526907713e-06
0.999999569266483,3.90407671834638e-06
0.999999353207737,5.9529349077539e-06
0.999996934371043,9.73377099438789e-06
0.999996152196572,1.49899555180389e-05
0.99999767249693,4.09616665840774e-06
0.999909055874622,3.98557887778593e-05
0.999994646042877,2.1729630345207e-05
0.999990226867508,2.27277197001212e-05
0.999991060021749,1.85427769078229e-05
0.999994571289732,1.17994968344873e-05
0.999997076305984,1.30109172409635e-05
0.999992022853235,1.93332193258805e-05
0.999990162616827,1.73667288270119e-05
0.999990199985566,2.5047725870804e-05
0.999993950033243,2.71829847562602e-05
0.999996814940824,1.12650738734326e-05
0.999998165516446,8.50945501999592e-06
0.99999605927841,7.24995349534632e-06
0.999995616003876,8.23646377879055e-06
0.99997689933872,1.71880146206811e-05
0.999999335872762,3.17985559479351e-06
0.999989883171757,1.34935998818491e-05
0.999986943736079,2.82137047530671e-05
0.999995454435696,1.12709170075277e-05
0.999994952320562,1.11626806379039e-05
0.999987488961363,1.42034915332629e-05
0.999998254409457,6.31399474747929e-06
0.999971545757804,1.61024368064583e-05
0.999994780911381,1.53681563304729e-05
0.999995667944439,6.40792441291035e-06
0.99999225324597,9.79789836609634e-06
0.999988448658293,1.40801599709101e-05
0.999953501008668,2.64521629311486e-05
0.999994371540609,7.74140900632413e-06
0.999996025893808,6.74566286888679e-06
0.999994123972025,1.1541421867549e-05
0.999998817670663,3.93579306709717e-06
0.999986283881038,9.41802153842778e-06
0.999998622773029,2.44027606455903e-06
1,0
0.99999889825879,4.28715833757034e-06
0.999997184423716,6.71720890047228e-06
0.999997364299135,4.8195811949752e-06
0.999997568720707,6.56402378616534e-06
0.999997582670072,4.99991171198366e-06
0.999990701586083,1.79833519915867e-05
0.999984264032518,1.62970435307487e-05
0.999984215779613,1.4399423004959e-05
0.999998812910448,5.48239503840735e-06
0.999955048218264,1.92284289898373e-05
0.999995697245499,1.1003086030373e-05
0.999928958434515,3.89733703147633e-05
0.999936717918219,4.16138648981225e-05
0.999981119453315,2.20263103517543e-05
0.999943214352976,3.13328852573002e-05
