patient,order
chb01,3
chb01,3
chb01,3
chb01,3
chb01,5
chb01,3
chb01,3
chb01,3
chb01,3
chb01,7
chb01,3
chb01,3
chb01,6
chb01,3
chb01,3
chb01,3
chb01,3
chb01,7
chb01,6
chb01,7
chb01,3
chb01,5
chb01,3
chb01,7
chb01,3
chb01,3
chb01,3
chb01,3
chb01,3
chb01,7
chb01,5
chb01,5
chb01,7
chb01,7
chb01,5
chb01,3
chb01,3
chb01,5
chb01,3
chb01,5
chb01,3
chb01,3
chb01,3
chb01,3
chb01,3
chb01,3
chb01,3
chb01,5
chb01,3
chb01,3
chb01,3
chb01,3
chb01,5
chb01,5
chb01,7
chb01,3
chb01,3
chb01,5
chb01,5
chb01,3
chb01,6
chb01,7
chb01,5
chb01,8
chb01,7
chb01,7
chb01,5
chb01,7
chb01,6
chb01,7
chb01,6
chb01,6
chb01,6
chb01,7
chb01,6
chb01,7
chb01,6
chb01,5
chb01,6
chb01,9
chb01,7
chb01,7
chb01,7
chb01,7
chb01,7
chb01,7
chb01,7
chb01,5
chb01,7
chb01,7
chb01,5
chb01,5
chb01,5
chb01,5
chb01,5
chb01,5
chb01,5
chb01,5
chb01,5
chb01,5
chb01,5
chb01,5
chb01,5
chb01,5
chb01,5
chb01,5
chb01,5
chb01,6
chb01,5
chb01,5
chb01,5
chb01,5
chb01,5
chb01,5
chb01,5
chb01,5
chb01,5
chb01,5
chb01,5
chb01,5
chb01,7
chb01,7
chb01,5
chb01,5
chb01,7
chb01,6
chb01,5
chb01,5
chb01,3
chb01,5
chb01,5
chb01,5
chb01,6
chb01,5
chb01,5
chb01,5
chb01,9
chb01,5
chb01,5
chb01,5
chb01,5
chb01,3
chb01,5
chb01,5
chb01,5
chb01,3
chb01,7
chb01,5
chb01,7
chb01,5
chb01,5
chb01,3
chb01,5
chb01,3
chb01,5
chb01,5
chb01,5
chb01,5
chb01,5
chb01,5
chb01,5
chb01,5
chb01,5
chb01,5
chb01,5
chb01,5
chb01,5
chb01,7
chb01,5
chb01,5
chb01,5
chb01,5
chb01,5
chb01,5
chb01,5
chb01,5
chb01,5
chb01,6
chb01,3
chb01,5
chb01,7
chb01,7
chb01,3
chb01,5
chb01,4
chb01,3
chb01,7
chb01,3
chb01,4
chb01,3
chb01,3
chb01,5
chb01,3
chb01,7
chb01,3
chb01,5
chb01,3
chb01,7
chb01,4
chb01,5
chb01,5
chb01,3
chb01,3
chb01,3
chb01,3
chb01,3
chb01,3
chb01,3
chb01,3
chb01,3
chb01,3
chb01,4
chb01,3
chb01,5
chb01,5
chb01,5
chb01,3
chb01,7
chb01,3
chb01,4
chb01,3
chb01,3
chb01,3
chb01,5
chb01,7
chb01,4
chb01,5
chb01,5
chb01,5
chb01,5
chb01,5
chb01,5
chb01,5
chb01,3
chb01,3
chb01,3
chb01,5
chb01,4
chb01,3
chb01,7
chb01,5
chb01,5
chb01,5
chb01,5
chb01,5
chb01,5
chb01,5
chb01,5
chb01,5
chb01,5
chb01,5
chb01,5
chb01,5
chb01,5
chb01,5
chb01,5
chb01,5
chb01,5
chb01,5
chb01,5
chb01,5
chb01,5
chb01,5
chb01,5
chb01,5
chb01,5
chb01,2
chb01,5
chb01,5
chb01,5
chb01,5
chb01,5
chb01,2
chb01,5
chb01,5
chb01,5
chb01,2
chb01,2
chb01,5
chb01,5
chb01,2
chb01,5
chb01,2
chb01,5
chb01,2
chb01,5
chb01,2
chb01,3
chb01,5
chb01,2
chb01,2
chb01,5
chb01,5
chb01,5
chb01,5
chb01,5
chb01,5
chb01,3
chb01,5
chb01,5
chb02,5
chb02,5
chb02,5
chb02,5
chb02,3
chb02,5
chb02,5
chb02,3
chb02,5
chb02,5
chb02,3
chb02,3
chb02,3
chb02,3
chb02,3
chb02,3
chb02,3
chb02,5
chb02,5
chb02,5
chb02,3
chb02,5
chb02,5
chb02,5
chb02,3
chb02,3
chb02,5
chb02,3
chb02,5
chb02,3
chb02,5
chb02,5
chb02,5
chb02,5
chb02,5
chb02,5
chb02,5
chb02,5
chb02,5
chb02,5
chb02,5
chb02,5
chb02,5
chb02,5
chb02,6
chb02,9
chb02,8
chb02,5
chb02,5
chb02,5
chb02,5
chb02,5
chb02,5
chb02,5
chb02,5
chb02,3
chb02,5
chb02,5
chb02,5
chb02,5
chb02,4
chb02,3
chb02,4
chb02,4
chb02,4
chb02,4
chb02,3
chb02,3
chb02,4
chb02,4
chb02,3
chb02,4
chb02,4
chb02,4
chb02,4
chb02,4
chb02,4
chb02,3
chb02,4
chb02,4
chb02,4
chb02,4
chb02,4
chb02,4
chb02,4
chb02,4
chb02,4
chb02,4
chb02,4
chb02,4
chb02,5
chb02,7
chb02,5
chb02,5
chb02,5
chb02,5
chb02,5
chb02,5
chb02,5
chb02,5
chb02,5
chb02,5
chb02,5
chb02,5
chb02,5
chb02,5
chb02,5
chb02,5
chb02,5
chb02,5
chb02,5
chb02,5
chb02,5
chb02,5
chb02,5
chb02,5
chb02,5
chb02,5
chb02,5
chb02,7
chb02,5
chb02,3
chb02,5
chb02,3
chb02,3
chb02,5
chb02,5
chb02,5
chb02,5
chb02,5
chb02,5
chb02,5
chb02,5
chb02,5
chb02,5
chb02,5
chb02,5
chb02,2
chb02,5
chb02,9
chb02,5
chb02,5
chb02,5
chb02,5
chb02,5
chb02,5
chb02,5
chb02,5
chb02,5
chb02,5
chb02,6
chb02,9
chb02,8
chb02,5
chb02,6
chb02,5
chb02,5
chb02,6
chb02,5
chb02,9
chb02,9
chb02,5
chb02,5
chb02,5
chb02,5
chb02,6
chb02,5
chb02,5
chb02,6
chb02,5
chb02,5
chb02,6
chb02,5
chb02,6
chb02,5
chb02,5
chb02,5
chb02,8
chb02,6
chb02,8
chb02,5
chb02,5
chb02,5
chb02,7
chb02,5
chb02,5
chb02,5
chb02,5
chb02,5
chb02,5
chb02,5
chb02,8
chb02,5
chb02,5
chb02,5
chb02,9
chb02,7
chb02,5
chb02,5
chb02,5
chb02,5
chb02,5
chb02,5
chb02,5
chb02,5
chb02,5
chb02,5
chb02,5
chb02,5
chb02,7
chb02,4
chb02,4
chb02,3
chb02,4
chb02,4
chb02,4
chb02,4
chb02,4
chb02,4
chb02,4
chb02,4
chb02,4
chb02,4
chb02,4
chb02,4
chb02,4
chb02,4
chb02,3
chb02,4
chb02,3
chb02,4
chb02,4
chb02,3
chb02,4
chb02,4
chb02,4
chb02,4
chb02,4
chb02,4
chb02,4
chb02,6
chb02,5
chb02,5
chb02,5
chb02,5
chb02,12
chb02,5
chb02,5
chb02,7
chb02,5
chb02,5
chb02,6
chb02,5
chb02,5
chb02,5
chb02,5
chb02,6
chb02,5
chb02,8
chb02,6
chb02,9
chb02,6
chb02,5
chb02,8
chb02,5
chb02,5
chb02,5
chb02,6
chb02,5
chb02,6
chb02,4
chb02,4
chb02,4
chb02,4
chb02,4
chb02,4
chb02,4
chb02,4
chb02,4
chb02,3
chb02,4
chb02,4
chb02,4
chb02,4
chb02,3
chb02,4
chb02,4
chb02,4
chb02,4
chb02,4
chb02,4
chb02,4
chb02,4
chb02,4
chb02,4
chb02,4
chb02,4
chb02,4
chb02,3
chb02,4
chb03,5
chb03,5
chb03,2
chb03,5
chb03,5
chb03,3
chb03,5
chb03,5
chb03,8
chb03,2
chb03,2
chb03,5
chb03,5
chb03,2
chb03,9
chb03,5
chb03,5
chb03,5
chb03,5
chb03,2
chb03,5
chb03,2
chb03,5
chb03,5
chb03,5
chb03,5
chb03,6
chb03,5
chb03,5
chb03,5
chb03,2
chb03,5
chb03,2
chb03,6
chb03,2
chb03,5
chb03,2
chb03,6
chb03,5
chb03,2
chb03,5
chb03,5
chb03,5
chb03,5
chb03,5
chb03,5
chb03,5
chb03,5
chb03,6
chb03,2
chb03,2
chb03,2
chb03,2
chb03,5
chb03,5
chb03,2
chb03,5
chb03,6
chb03,5
chb03,5
chb03,5
chb03,5
chb03,6
chb03,5
chb03,5
chb03,6
chb03,2
chb03,5
chb03,5
chb03,6
chb03,5
chb03,6
chb03,5
chb03,5
chb03,2
chb03,5
chb03,5
chb03,6
chb03,6
chb03,5
chb03,6
chb03,5
chb03,5
chb03,6
chb03,5
chb03,5
chb03,6
chb03,5
chb03,2
chb03,5
chb03,6
chb03,5
chb03,5
chb03,6
chb03,5
chb03,5
chb03,5
chb03,5
chb03,5
chb03,5
chb03,5
chb03,5
chb03,5
chb03,6
chb03,6
chb03,5
chb03,5
chb03,6
chb03,5
chb03,5
chb03,5
chb03,5
chb03,5
chb03,5
chb03,2
chb03,6
chb03,5
chb03,6
chb03,2
chb03,5
chb03,5
chb03,5
chb03,5
chb03,5
chb03,5
chb03,5
chb03,5
chb03,6
chb03,5
chb03,5
chb03,5
chb03,5
chb03,5
chb03,5
chb03,5
chb03,5
chb03,5
chb03,5
chb03,5
chb03,5
chb03,5
chb03,5
chb03,5
chb03,5
chb03,5
chb03,5
chb03,5
chb03,5
chb03,5
chb03,5
chb03,7
chb03,5
chb03,5
chb03,5
chb03,5
chb03,5
chb03,5
chb03,5
chb03,9
chb03,5
chb03,5
chb03,5
chb03,4
chb03,7
chb03,5
chb03,5
chb03,5
chb03,5
chb03,7
chb03,5
chb03,5
chb03,5
chb03,5
chb03,5
chb03,5
chb03,5
chb03,3
chb03,5
chb03,5
chb03,5
chb03,5
chb03,3
chb03,3
chb03,3
chb03,3
chb03,3
chb03,5
chb03,3
chb03,3
chb03,5
chb03,5
chb03,3
chb03,3
chb03,5
chb03,3
chb03,3
chb03,5
chb03,5
chb03,3
chb03,3
chb03,3
chb03,5
chb03,5
chb03,3
chb03,3
chb03,5
chb03,3
chb03,3
chb03,3
chb03,5
chb03,2
chb03,2
chb03,2
chb03,2
chb03,2
chb03,2
chb03,2
chb03,2
chb03,2
chb03,6
chb03,2
chb03,6
chb03,2
chb03,2
chb03,2
chb03,5
chb03,9
chb03,5
chb03,5
chb03,2
chb03,5
chb03,2
chb03,5
chb03,2
chb03,5
chb03,2
chb03,2
chb03,2
chb03,6
chb03,5
chb03,5
chb03,5
chb03,5
chb03,5
chb03,6
chb03,5
chb03,3
chb03,5
chb03,6
chb03,5
chb03,5
chb03,5
chb03,5
chb03,5
chb03,5
chb03,5
chb03,5
chb03,5
chb03,5
chb03,5
chb03,5
chb03,7
chb03,5
chb03,5
chb03,5
chb03,5
chb03,3
chb03,5
chb03,3
chb03,5
chb03,6
chb03,5
chb03,6
chb03,6
chb03,6
chb03,6
chb03,6
chb03,6
chb03,6
chb03,6
chb03,5
chb03,2
chb03,6
chb03,5
chb03,6
chb03,7
chb03,2
chb03,2
chb03,5
chb03,2
chb03,5
chb03,2
chb03,2
chb03,5
chb03,6
chb03,2
chb03,5
chb03,5
chb03,5
chb03,2
chb04,2
chb04,5
chb04,5
chb04,1
chb04,6
chb04,5
chb04,2
chb04,2
chb04,6
chb04,5
chb04,6
chb04,2
chb04,2
chb04,5
chb04,3
chb04,7
chb04,2
chb04,3
chb04,5
chb04,6
chb04,5
chb04,5
chb04,5
chb04,2
chb04,5
chb04,5
chb04,2
chb04,6
chb04,5
chb04,5
chb04,2
chb04,5
chb04,6
chb04,6
chb04,6
chb04,6
chb04,6
chb04,6
chb04,5
chb04,2
chb04,7
chb04,1
chb04,6
chb04,5
chb04,5
chb04,8
chb04,6
chb04,6
chb04,5
chb04,2
chb04,6
chb04,1
chb04,2
chb04,6
chb04,2
chb04,5
chb04,2
chb04,6
chb04,5
chb04,5
chb04,5
chb04,2
chb04,6
chb04,2
chb04,1
chb04,5
chb04,8
chb04,1
chb04,5
chb04,5
chb04,5
chb04,5
chb04,2
chb04,5
chb04,6
chb04,6
chb04,2
chb04,2
chb04,5
chb04,2
chb04,2
chb04,5
chb04,6
chb04,1
chb04,2
chb04,8
chb04,2
chb04,1
chb04,1
chb04,5
chb04,2
chb04,3
chb04,3
chb04,6
chb04,3
chb04,2
chb04,6
chb04,5
chb04,3
chb04,5
chb04,5
chb04,3
chb04,5
chb04,2
chb04,15
chb04,3
chb04,5
chb04,6
chb04,3
chb04,3
chb04,6
chb04,3
chb04,2
chb04,3
chb04,3
chb04,5
chb04,3
chb04,3
chb04,3
chb04,3
chb04,5
chb04,5
chb04,14
chb04,5
chb04,5
chb04,5
chb04,5
chb04,8
chb04,8
chb04,5
chb04,5
chb04,5
chb04,7
chb04,5
chb04,7
chb04,5
chb04,5
chb04,5
chb04,5
chb04,6
chb04,5
chb04,5
chb04,5
chb04,2
chb04,5
chb04,5
chb04,5
chb04,6
chb04,7
chb04,6
chb04,5
chb04,3
chb04,5
chb04,6
chb04,5
chb04,5
chb04,6
chb04,5
chb04,5
chb04,3
chb04,2
chb04,5
chb04,8
chb04,7
chb04,3
chb04,3
chb04,6
chb04,6
chb04,3
chb04,3
chb04,5
chb04,3
chb04,2
chb04,3
chb04,5
chb04,8
chb04,2
chb04,3
chb04,6
chb04,3
chb04,14
chb04,6
chb04,5
chb04,2
chb04,14
chb04,2
chb04,3
chb04,14
chb04,13
chb04,3
chb04,5
chb04,5
chb04,14
chb04,5
chb04,6
chb04,14
chb04,3
chb04,5
chb04,5
chb04,6
chb04,2
chb04,1
chb04,6
chb04,6
chb04,10
chb04,5
chb04,15
chb04,5
chb04,14
chb04,13
chb04,1
chb04,5
chb04,2
chb04,5
chb04,2
chb04,2
chb04,2
chb04,5
chb04,5
chb04,5
chb04,2
chb04,2
chb04,3
chb04,6
chb04,5
chb04,2
chb04,5
chb04,5
chb04,2
chb04,2
chb04,5
chb04,5
chb04,6
chb04,2
chb04,2
chb04,5
chb04,5
chb04,5
chb04,5
chb04,2
chb04,5
chb04,6
chb04,5
chb04,6
chb04,9
chb04,5
chb04,5
chb04,5
chb04,6
chb04,3
chb04,3
chb04,3
chb04,3
chb04,5
chb04,5
chb04,6
chb04,5
chb04,5
chb04,5
chb04,3
chb04,7
chb04,5
chb04,6
chb04,5
chb04,5
chb04,9
chb04,5
chb04,5
chb04,3
chb04,5
chb04,15
chb04,6
chb04,5
chb04,15
chb04,15
chb04,12
chb04,1
chb04,1
chb04,1
chb04,5
chb04,6
chb04,5
chb04,2
chb04,15
chb04,2
chb04,6
chb04,8
chb04,2
chb04,5
chb04,2
chb04,5
chb04,2
chb04,6
chb04,8
chb04,15
chb04,15
chb04,2
chb04,15
chb04,6
chb04,5
chb05,6
chb05,6
chb05,6
chb05,6
chb05,5
chb05,6
chb05,6
chb05,6
chb05,6
chb05,4
chb05,6
chb05,4
chb05,6
chb05,6
chb05,6
chb05,6
chb05,6
chb05,6
chb05,6
chb05,6
chb05,6
chb05,6
chb05,6
chb05,6
chb05,6
chb05,6
chb05,6
chb05,6
chb05,6
chb05,6
chb05,7
chb05,5
chb05,8
chb05,6
chb05,6
chb05,7
chb05,5
chb05,7
chb05,7
chb05,6
chb05,5
chb05,7
chb05,7
chb05,6
chb05,7
chb05,7
chb05,7
chb05,8
chb05,7
chb05,4
chb05,8
chb05,6
chb05,7
chb05,8
chb05,7
chb05,7
chb05,6
chb05,7
chb05,4
chb05,7
chb05,7
chb05,6
chb05,6
chb05,4
chb05,6
chb05,7
chb05,6
chb05,6
chb05,7
chb05,6
chb05,4
chb05,8
chb05,4
chb05,6
chb05,6
chb05,6
chb05,7
chb05,6
chb05,6
chb05,7
chb05,2
chb05,6
chb05,7
chb05,6
chb05,7
chb05,7
chb05,4
chb05,7
chb05,7
chb05,7
chb05,4
chb05,5
chb05,3
chb05,3
chb05,3
chb05,5
chb05,3
chb05,4
chb05,5
chb05,5
chb05,4
chb05,6
chb05,5
chb05,3
chb05,5
chb05,6
chb05,6
chb05,3
chb05,3
chb05,3
chb05,6
chb05,3
chb05,3
chb05,5
chb05,8
chb05,3
chb05,3
chb05,5
chb05,6
chb05,4
chb05,5
chb05,5
chb05,5
chb05,5
chb05,7
chb05,5
chb05,5
chb05,7
chb05,7
chb05,7
chb05,7
chb05,5
chb05,7
chb05,5
chb05,7
chb05,5
chb05,6
chb05,5
chb05,6
chb05,6
chb05,6
chb05,7
chb05,6
chb05,7
chb05,7
chb05,5
chb05,7
chb05,7
chb05,7
chb05,7
chb05,6
chb05,6
chb05,6
chb05,6
chb05,6
chb05,5
chb05,6
chb05,6
chb05,6
chb05,2
chb05,6
chb05,6
chb05,6
chb05,7
chb05,2
chb05,6
chb05,6
chb05,6
chb05,6
chb05,6
chb05,7
chb05,6
chb05,7
chb05,6
chb05,5
chb05,6
chb05,7
chb05,6
chb05,6
chb05,6
chb05,6
chb05,6
chb05,7
chb05,6
chb05,2
chb05,4
chb05,6
chb05,6
chb05,4
chb05,6
chb05,3
chb05,6
chb05,6
chb05,6
chb05,4
chb05,8
chb05,4
chb05,4
chb05,7
chb05,6
chb05,7
chb05,6
chb05,4
chb05,6
chb05,3
chb05,6
chb05,6
chb05,6
chb05,12
chb05,6
chb05,7
chb05,7
chb05,7
chb05,7
chb05,7
chb05,7
chb05,7
chb05,7
chb05,7
chb05,7
chb05,7
chb05,7
chb05,7
chb05,7
chb05,7
chb05,7
chb05,7
chb05,7
chb05,5
chb05,7
chb05,7
chb05,7
chb05,7
chb05,7
chb05,7
chb05,7
chb05,7
chb05,7
chb05,7
chb05,7
chb05,7
chb05,5
chb05,7
chb05,7
chb05,7
chb05,5
chb05,2
chb05,7
chb05,6
chb05,5
chb05,5
chb05,5
chb05,5
chb05,7
chb05,7
chb05,7
chb05,5
chb05,7
chb05,7
chb05,7
chb05,7
chb05,6
chb05,7
chb05,7
chb05,7
chb05,7
chb05,5
chb05,7
chb05,6
chb05,7
chb05,7
chb05,4
chb05,4
chb05,6
chb05,3
chb05,7
chb05,5
chb05,4
chb05,4
chb05,4
chb05,6
chb05,5
chb05,6
chb05,5
chb05,6
chb05,5
chb05,6
chb05,6
chb05,6
chb05,4
chb05,6
chb05,6
chb05,4
chb05,4
chb05,4
chb05,3
chb05,4
chb05,4
chb05,6
chb05,3
chb06,2
chb06,6
chb06,3
chb06,3
chb06,3
chb06,3
chb06,2
chb06,3
chb06,6
chb06,2
chb06,3
chb06,3
chb06,3
chb06,3
chb06,3
chb06,2
chb06,6
chb06,3
chb06,6
chb06,3
chb06,6
chb06,6
chb06,3
chb06,6
chb06,3
chb06,3
chb06,3
chb06,6
chb06,3
chb06,3
chb06,3
chb06,3
chb06,3
chb06,6
chb06,3
chb06,3
chb06,6
chb06,6
chb06,3
chb06,3
chb06,7
chb06,3
chb06,3
chb06,3
chb06,3
chb06,3
chb06,3
chb06,3
chb06,3
chb06,3
chb06,3
chb06,3
chb06,3
chb06,3
chb06,3
chb06,3
chb06,3
chb06,3
chb06,3
chb06,3
chb06,3
chb06,3
chb06,3
chb06,6
chb06,6
chb06,6
chb06,3
chb06,6
chb06,3
chb06,6
chb06,3
chb06,3
chb06,3
chb06,3
chb06,3
chb06,3
chb06,3
chb06,3
chb06,6
chb06,3
chb06,3
chb06,3
chb06,3
chb06,6
chb06,3
chb06,6
chb06,6
chb06,3
chb06,3
chb06,6
chb06,6
chb06,3
chb06,3
chb06,3
chb06,3
chb06,3
chb06,3
chb06,3
chb06,3
chb06,3
chb06,3
chb06,3
chb06,3
chb06,3
chb06,3
chb06,3
chb06,3
chb06,3
chb06,3
chb06,2
chb06,3
chb06,3
chb06,3
chb06,3
chb06,3
chb06,3
chb06,3
chb06,3
chb06,3
chb06,3
chb06,3
chb06,3
chb06,3
chb06,6
chb06,3
chb06,3
chb06,3
chb06,3
chb06,6
chb06,3
chb06,6
chb06,3
chb06,3
chb06,3
chb06,3
chb06,6
chb06,3
chb06,2
chb06,6
chb06,8
chb06,3
chb06,2
chb06,3
chb06,2
chb06,2
chb06,3
chb06,3
chb06,3
chb06,6
chb06,3
chb06,3
chb06,3
chb06,3
chb06,3
chb06,3
chb06,3
chb06,3
chb06,3
chb06,3
chb06,3
chb06,6
chb06,6
chb06,3
chb06,6
chb06,3
chb06,3
chb06,3
chb06,3
chb06,6
chb06,3
chb06,3
chb06,3
chb06,3
chb06,3
chb06,3
chb06,3
chb06,3
chb06,3
chb06,3
chb06,6
chb06,8
chb06,14
chb06,3
chb06,3
chb06,2
chb06,6
chb06,15
chb06,3
chb06,3
chb06,3
chb06,3
chb06,6
chb06,10
chb06,3
chb06,8
chb06,3
chb06,2
chb06,3
chb06,3
chb06,3
chb06,6
chb06,2
chb06,6
chb06,6
chb06,3
chb06,10
chb06,3
chb06,6
chb06,6
chb06,3
chb06,6
chb06,3
chb06,3
chb06,2
chb06,2
chb06,6
chb06,2
chb06,2
chb06,3
chb06,3
chb06,2
chb06,2
chb06,2
chb06,3
chb06,2
chb06,3
chb06,2
chb06,3
chb06,2
chb06,3
chb06,3
chb06,3
chb06,2
chb06,2
chb06,2
chb06,6
chb06,6
chb06,2
chb06,3
chb06,3
chb06,6
chb06,3
chb06,7
chb06,2
chb06,3
chb06,6
chb06,3
chb06,3
chb06,2
chb06,3
chb06,3
chb06,3
chb06,7
chb06,6
chb06,3
chb06,2
chb06,6
chb06,3
chb06,3
chb06,3
chb06,2
chb06,3
chb06,3
chb06,3
chb06,3
chb06,6
chb06,5
chb06,3
chb06,3
chb06,6
chb06,3
chb06,6
chb06,3
chb06,6
chb06,6
chb06,3
chb06,3
chb06,3
chb06,3
chb06,3
chb06,3
chb06,3
chb06,3
chb06,3
chb06,6
chb06,2
chb06,3
chb06,3
chb06,6
chb06,3
chb06,3
chb06,3
chb06,3
chb06,3
chb06,3
chb06,3
chb06,3
chb06,6
chb06,3
chb06,3
chb07,6
chb07,8
chb07,8
chb07,8
chb07,8
chb07,9
chb07,9
chb07,8
chb07,8
chb07,8
chb07,8
chb07,6
chb07,2
chb07,2
chb07,8
chb07,8
chb07,2
chb07,6
chb07,6
chb07,8
chb07,2
chb07,8
chb07,8
chb07,2
chb07,2
chb07,6
chb07,8
chb07,2
chb07,6
chb07,6
chb07,5
chb07,2
chb07,2
chb07,2
chb07,2
chb07,2
chb07,2
chb07,2
chb07,2
chb07,2
chb07,2
chb07,2
chb07,2
chb07,2
chb07,2
chb07,2
chb07,2
chb07,2
chb07,2
chb07,2
chb07,5
chb07,2
chb07,2
chb07,2
chb07,2
chb07,2
chb07,2
chb07,2
chb07,2
chb07,6
chb07,3
chb07,3
chb07,3
chb07,5
chb07,5
chb07,3
chb07,3
chb07,3
chb07,3
chb07,3
chb07,3
chb07,3
chb07,6
chb07,3
chb07,5
chb07,5
chb07,6
chb07,5
chb07,5
chb07,3
chb07,3
chb07,3
chb07,3
chb07,3
chb07,3
chb07,3
chb07,5
chb07,3
chb07,5
chb07,3
chb07,2
chb07,2
chb07,2
chb07,2
chb07,2
chb07,2
chb07,2
chb07,2
chb07,2
chb07,2
chb07,2
chb07,2
chb07,2
chb07,2
chb07,2
chb07,2
chb07,2
chb07,2
chb07,2
chb07,2
chb07,2
chb07,2
chb07,2
chb07,7
chb07,2
chb07,2
chb07,2
chb07,2
chb07,2
chb07,2
chb07,3
chb07,3
chb07,3
chb07,3
chb07,3
chb07,6
chb07,6
chb07,6
chb07,3
chb07,3
chb07,3
chb07,3
chb07,6
chb07,3
chb07,3
chb07,3
chb07,3
chb07,3
chb07,7
chb07,3
chb07,6
chb07,3
chb07,3
chb07,7
chb07,3
chb07,6
chb07,3
chb07,3
chb07,3
chb07,3
chb07,5
chb07,2
chb07,2
chb07,2
chb07,7
chb07,2
chb07,2
chb07,2
chb07,5
chb07,2
chb07,2
chb07,2
chb07,5
chb07,2
chb07,2
chb07,2
chb07,2
chb07,2
chb07,2
chb07,2
chb07,2
chb07,2
chb07,2
chb07,5
chb07,2
chb07,2
chb07,2
chb07,2
chb07,5
chb07,5
chb07,6
chb07,5
chb07,6
chb07,2
chb07,6
chb07,7
chb07,6
chb07,2
chb07,2
chb07,2
chb07,6
chb07,5
chb07,8
chb07,3
chb07,6
chb07,2
chb07,6
chb07,2
chb07,5
chb07,6
chb07,5
chb07,3
chb07,2
chb07,8
chb07,5
chb07,2
chb07,2
chb07,2
chb07,2
chb07,5
chb07,2
chb07,2
chb07,2
chb07,2
chb07,2
chb07,2
chb07,2
chb07,2
chb07,2
chb07,2
chb07,2
chb07,2
chb07,2
chb07,2
chb07,2
chb07,2
chb07,2
chb07,2
chb07,2
chb07,2
chb07,2
chb07,2
chb07,2
chb07,5
chb07,2
chb07,2
chb07,2
chb07,2
chb07,2
chb07,2
chb07,2
chb07,5
chb07,5
chb07,5
chb07,5
chb07,2
chb07,6
chb07,5
chb07,5
chb07,5
chb07,5
chb07,5
chb07,5
chb07,2
chb07,5
chb07,5
chb07,2
chb07,5
chb07,2
chb07,5
chb07,2
chb07,6
chb07,5
chb07,2
chb07,5
chb07,5
chb07,5
chb07,5
chb07,5
chb07,2
chb07,3
chb07,3
chb07,2
chb07,2
chb07,3
chb07,3
chb07,3
chb07,2
chb07,6
chb07,2
chb07,2
chb07,5
chb07,3
chb07,2
chb07,2
chb07,2
chb07,2
chb07,2
chb07,2
chb07,6
chb07,2
chb07,2
chb07,3
chb07,3
chb07,2
chb07,6
chb07,2
chb07,3
chb07,2
chb07,2
chb08,5
chb08,7
chb08,7
chb08,7
chb08,6
chb08,6
chb08,6
chb08,3
chb08,3
chb08,3
chb08,5
chb08,6
chb08,6
chb08,7
chb08,6
chb08,7
chb08,6
chb08,6
chb08,3
chb08,3
chb08,6
chb08,7
chb08,3
chb08,6
chb08,3
chb08,6
chb08,6
chb08,6
chb08,7
chb08,7
chb08,5
chb08,2
chb08,5
chb08,5
chb08,5
chb08,5
chb08,5
chb08,5
chb08,5
chb08,5
chb08,3
chb08,5
chb08,5
chb08,2
chb08,5
chb08,5
chb08,3
chb08,5
chb08,2
chb08,2
chb08,5
chb08,5
chb08,5
chb08,2
chb08,5
chb08,2
chb08,5
chb08,5
chb08,5
chb08,2
chb08,5
chb08,2
chb08,5
chb08,2
chb08,2
chb08,5
chb08,5
chb08,2
chb08,5
chb08,2
chb08,5
chb08,2
chb08,5
chb08,2
chb08,5
chb08,5
chb08,5
chb08,5
chb08,2
chb08,2
chb08,2
chb08,5
chb08,2
chb08,2
chb08,5
chb08,5
chb08,5
chb08,2
chb08,5
chb08,5
chb08,3
chb08,3
chb08,3
chb08,3
chb08,6
chb08,3
chb08,3
chb08,3
chb08,3
chb08,6
chb08,3
chb08,3
chb08,3
chb08,3
chb08,6
chb08,3
chb08,3
chb08,3
chb08,3
chb08,2
chb08,3
chb08,2
chb08,2
chb08,6
chb08,3
chb08,3
chb08,6
chb08,3
chb08,3
chb08,2
chb08,3
chb08,6
chb08,7
chb08,6
chb08,6
chb08,7
chb08,7
chb08,6
chb08,3
chb08,7
chb08,6
chb08,6
chb08,6
chb08,7
chb08,6
chb08,3
chb08,7
chb08,6
chb08,7
chb08,3
chb08,7
chb08,6
chb08,3
chb08,3
chb08,7
chb08,3
chb08,7
chb08,2
chb08,3
chb08,7
chb08,3
chb08,6
chb08,6
chb08,3
chb08,7
chb08,5
chb08,7
chb08,3
chb08,3
chb08,7
chb08,3
chb08,7
chb08,3
chb08,6
chb08,6
chb08,7
chb08,6
chb08,3
chb08,5
chb08,3
chb08,7
chb08,3
chb08,3
chb08,3
chb08,6
chb08,3
chb08,7
chb08,7
chb08,7
chb08,6
chb08,3
chb08,6
chb08,6
chb08,6
chb08,3
chb08,3
chb08,5
chb08,6
chb08,3
chb08,3
chb08,3
chb08,6
chb08,5
chb08,3
chb08,6
chb08,6
chb08,6
chb08,3
chb08,3
chb08,5
chb08,6
chb08,3
chb08,6
chb08,5
chb08,3
chb08,3
chb08,6
chb08,5
chb08,6
chb08,3
chb08,5
chb08,2
chb08,5
chb08,5
chb08,2
chb08,5
chb08,2
chb08,5
chb08,2
chb08,5
chb08,5
chb08,5
chb08,5
chb08,5
chb08,2
chb08,5
chb08,2
chb08,5
chb08,2
chb08,2
chb08,5
chb08,5
chb08,5
chb08,5
chb08,2
chb08,2
chb08,2
chb08,5
chb08,2
chb08,5
chb08,3
chb08,3
chb08,3
chb08,3
chb08,3
chb08,3
chb08,3
chb08,3
chb08,3
chb08,3
chb08,3
chb08,3
chb08,2
chb08,3
chb08,3
chb08,2
chb08,2
chb08,3
chb08,3
chb08,3
chb08,3
chb08,3
chb08,3
chb08,3
chb08,3
chb08,3
chb08,3
chb08,3
chb08,3
chb08,2
chb08,5
chb08,3
chb08,3
chb08,5
chb08,3
chb08,2
chb08,3
chb08,5
chb08,2
chb08,5
chb08,3
chb08,5
chb08,6
chb08,5
chb08,5
chb08,3
chb08,6
chb08,5
chb08,3
chb08,2
chb08,6
chb08,3
chb08,2
chb08,5
chb08,7
chb08,3
chb08,6
chb08,2
chb08,2
chb08,5
chb09,2
chb09,2
chb09,2
chb09,2
chb09,3
chb09,2
chb09,3
chb09,3
chb09,3
chb09,2
chb09,3
chb09,2
chb09,3
chb09,3
chb09,3
chb09,3
chb09,2
chb09,3
chb09,2
chb09,3
chb09,2
chb09,3
chb09,3
chb09,3
chb09,3
chb09,2
chb09,2
chb09,2
chb09,3
chb09,3
chb09,3
chb09,3
chb09,3
chb09,3
chb09,3
chb09,3
chb09,3
chb09,3
chb09,3
chb09,3
chb09,3
chb09,3
chb09,2
chb09,3
chb09,3
chb09,2
chb09,3
chb09,2
chb09,3
chb09,3
chb09,3
chb09,2
chb09,3
chb09,3
chb09,2
chb09,3
chb09,3
chb09,3
chb09,3
chb09,3
chb09,3
chb09,3
chb09,3
chb09,3
chb09,3
chb09,3
chb09,3
chb09,3
chb09,3
chb09,3
chb09,3
chb09,2
chb09,3
chb09,3
chb09,3
chb09,3
chb09,3
chb09,3
chb09,3
chb09,3
chb09,3
chb09,3
chb09,3
chb09,3
chb09,3
chb09,3
chb09,3
chb09,3
chb09,3
chb09,3
chb09,15
chb09,15
chb09,8
chb09,8
chb09,8
chb09,8
chb09,8
chb09,15
chb09,5
chb09,8
chb09,2
chb09,7
chb09,7
chb09,8
chb09,15
chb09,15
chb09,8
chb09,8
chb09,8
chb09,8
chb09,3
chb09,5
chb09,15
chb09,8
chb09,7
chb09,3
chb09,15
chb09,3
chb09,8
chb09,8
chb09,2
chb09,2
chb09,3
chb09,2
chb09,2
chb09,2
chb09,2
chb09,2
chb09,2
chb09,2
chb09,2
chb09,2
chb09,2
chb09,2
chb09,2
chb09,2
chb09,2
chb09,2
chb09,2
chb09,7
chb09,2
chb09,2
chb09,2
chb09,2
chb09,2
chb09,3
chb09,2
chb09,2
chb09,3
chb09,2
chb09,3
chb09,3
chb09,3
chb09,3
chb09,3
chb09,3
chb09,3
chb09,3
chb09,3
chb09,2
chb09,3
chb09,3
chb09,3
chb09,3
chb09,3
chb09,3
chb09,3
chb09,3
chb09,3
chb09,3
chb09,3
chb09,3
chb09,3
chb09,3
chb09,3
chb09,3
chb09,3
chb09,3
chb09,3
chb09,3
chb09,5
chb09,2
chb09,2
chb09,2
chb09,2
chb09,2
chb09,2
chb09,3
chb09,2
chb09,5
chb09,5
chb09,2
chb09,2
chb09,2
chb09,2
chb09,2
chb09,2
chb09,3
chb09,3
chb09,2
chb09,3
chb09,3
chb09,8
chb09,2
chb09,2
chb09,2
chb09,2
chb09,2
chb09,2
chb09,2
chb09,3
chb09,3
chb09,3
chb09,3
chb09,3
chb09,6
chb09,2
chb09,3
chb09,3
chb09,2
chb09,3
chb09,3
chb09,3
chb09,2
chb09,3
chb09,3
chb09,3
chb09,3
chb09,3
chb09,3
chb09,3
chb09,6
chb09,3
chb09,3
chb09,3
chb09,3
chb09,2
chb09,3
chb09,3
chb09,3
chb09,3
chb09,3
chb09,2
chb09,3
chb09,3
chb09,2
chb09,3
chb09,3
chb09,3
chb09,3
chb09,3
chb09,3
chb09,3
chb09,2
chb09,3
chb09,3
chb09,2
chb09,3
chb09,2
chb09,3
chb09,3
chb09,2
chb09,3
chb09,2
chb09,3
chb09,3
chb09,2
chb09,3
chb09,3
chb09,3
chb09,3
chb09,2
chb09,2
chb09,2
chb09,15
chb09,3
chb09,2
chb09,2
chb09,2
chb09,15
chb09,5
chb09,2
chb09,2
chb09,2
chb09,15
chb09,2
chb09,2
chb09,7
chb09,3
chb09,3
chb09,2
chb09,15
chb09,2
chb09,2
chb09,3
chb09,2
chb09,2
chb09,15
chb09,2
chb09,8
chb10,2
chb10,3
chb10,3
chb10,3
chb10,2
chb10,3
chb10,3
chb10,3
chb10,2
chb10,2
chb10,3
chb10,5
chb10,2
chb10,3
chb10,3
chb10,2
chb10,2
chb10,6
chb10,3
chb10,3
chb10,2
chb10,2
chb10,3
chb10,2
chb10,2
chb10,7
chb10,2
chb10,2
chb10,2
chb10,2
chb10,2
chb10,2
chb10,2
chb10,3
chb10,2
chb10,2
chb10,2
chb10,2
chb10,2
chb10,3
chb10,2
chb10,2
chb10,2
chb10,3
chb10,2
chb10,2
chb10,2
chb10,2
chb10,2
chb10,2
chb10,2
chb10,2
chb10,2
chb10,2
chb10,2
chb10,2
chb10,2
chb10,2
chb10,2
chb10,2
chb10,2
chb10,2
chb10,2
chb10,2
chb10,7
chb10,2
chb10,2
chb10,2
chb10,2
chb10,2
chb10,2
chb10,2
chb10,2
chb10,2
chb10,3
chb10,2
chb10,3
chb10,2
chb10,3
chb10,2
chb10,3
chb10,2
chb10,3
chb10,2
chb10,5
chb10,2
chb10,3
chb10,2
chb10,2
chb10,2
chb10,5
chb10,2
chb10,2
chb10,3
chb10,3
chb10,7
chb10,3
chb10,3
chb10,2
chb10,2
chb10,2
chb10,2
chb10,2
chb10,3
chb10,2
chb10,2
chb10,2
chb10,5
chb10,5
chb10,5
chb10,2
chb10,2
chb10,2
chb10,2
chb10,2
chb10,2
chb10,3
chb10,5
chb10,2
chb10,2
chb10,5
chb10,2
chb10,3
chb10,2
chb10,5
chb10,2
chb10,2
chb10,2
chb10,2
chb10,2
chb10,2
chb10,2
chb10,3
chb10,2
chb10,2
chb10,2
chb10,5
chb10,2
chb10,2
chb10,3
chb10,5
chb10,5
chb10,2
chb10,2
chb10,2
chb10,5
chb10,2
chb10,2
chb10,2
chb10,2
chb10,3
chb10,2
chb10,3
chb10,2
chb10,2
chb10,2
chb10,2
chb10,2
chb10,3
chb10,3
chb10,3
chb10,3
chb10,3
chb10,3
chb10,3
chb10,2
chb10,3
chb10,2
chb10,3
chb10,3
chb10,2
chb10,3
chb10,3
chb10,3
chb10,2
chb10,2
chb10,3
chb10,3
chb10,2
chb10,3
chb10,2
chb10,2
chb10,2
chb10,3
chb10,2
chb10,2
chb10,3
chb10,3
chb10,2
chb10,2
chb10,2
chb10,2
chb10,3
chb10,2
chb10,2
chb10,2
chb10,2
chb10,3
chb10,2
chb10,2
chb10,2
chb10,3
chb10,2
chb10,3
chb10,2
chb10,2
chb10,3
chb10,2
chb10,2
chb10,2
chb10,2
chb10,2
chb10,2
chb10,2
chb10,2
chb10,5
chb10,2
chb10,2
chb10,2
chb10,2
chb10,2
chb10,2
chb10,5
chb10,2
chb10,2
chb10,2
chb10,2
chb10,2
chb10,2
chb10,2
chb10,2
chb10,2
chb10,3
chb10,2
chb10,2
chb10,2
chb10,2
chb10,2
chb10,3
chb10,2
chb10,2
chb10,2
chb10,2
chb10,2
chb10,3
chb10,2
chb10,2
chb10,2
chb10,2
chb10,2
chb10,2
chb10,2
chb10,2
chb10,3
chb10,2
chb10,2
chb10,2
chb10,2
chb10,3
chb10,3
chb10,3
chb10,2
chb10,3
chb10,2
chb10,2
chb10,2
chb10,3
chb10,2
chb10,2
chb10,2
chb10,3
chb10,3
chb10,3
chb10,3
chb10,2
chb10,2
chb10,3
chb10,3
chb10,3
chb10,2
chb10,2
chb10,2
chb10,3
chb10,2
chb10,3
chb10,2
chb10,2
chb10,3
chb10,2
chb10,2
chb10,2
chb10,2
chb10,3
chb10,3
chb10,2
chb10,2
chb10,2
chb10,3
chb10,3
chb10,3
chb11,2
chb11,5
chb11,5
chb11,5
chb11,5
chb11,5
chb11,5
chb11,2
chb11,5
chb11,6
chb11,2
chb11,2
chb11,5
chb11,5
chb11,6
chb11,6
chb11,2
chb11,5
chb11,5
chb11,5
chb11,2
chb11,6
chb11,6
chb11,5
chb11,9
chb11,5
chb11,2
chb11,2
chb11,2
chb11,2
chb11,5
chb11,5
chb11,5
chb11,5
chb11,2
chb11,2
chb11,5
chb11,6
chb11,7
chb11,5
chb11,2
chb11,2
chb11,2
chb11,15
chb11,5
chb11,2
chb11,5
chb11,2
chb11,5
chb11,2
chb11,5
chb11,2
chb11,5
chb11,2
chb11,5
chb11,2
chb11,5
chb11,2
chb11,2
chb11,5
chb11,5
chb11,7
chb11,5
chb11,6
chb11,5
chb11,7
chb11,6
chb11,5
chb11,6
chb11,6
chb11,5
chb11,2
chb11,5
chb11,2
chb11,5
chb11,5
chb11,5
chb11,6
chb11,2
chb11,5
chb11,6
chb11,5
chb11,6
chb11,2
chb11,5
chb11,6
chb11,6
chb11,2
chb11,5
chb11,5
chb11,6
chb11,6
chb11,2
chb11,2
chb11,5
chb11,9
chb11,5
chb11,2
chb11,5
chb11,4
chb11,5
chb11,6
chb11,5
chb11,7
chb11,5
chb11,2
chb11,2
chb11,5
chb11,5
chb11,5
chb11,2
chb11,5
chb11,5
chb11,5
chb11,6
chb11,5
chb11,5
chb11,5
chb11,5
chb11,6
chb11,2
chb11,6
chb11,2
chb11,2
chb11,5
chb11,5
chb11,5
chb11,2
chb11,2
chb11,5
chb11,2
chb11,7
chb11,2
chb11,5
chb11,6
chb11,6
chb11,8
chb11,5
chb11,5
chb11,5
chb11,5
chb11,2
chb11,2
chb11,2
chb11,2
chb11,5
chb11,2
chb11,5
chb11,7
chb11,2
chb11,7
chb11,3
chb11,6
chb11,3
chb11,3
chb11,3
chb11,3
chb11,4
chb11,3
chb11,3
chb11,3
chb11,4
chb11,3
chb11,3
chb11,5
chb11,3
chb11,5
chb11,6
chb11,3
chb11,3
chb11,4
chb11,3
chb11,2
chb11,3
chb11,5
chb11,3
chb11,8
chb11,4
chb11,6
chb11,4
chb11,3
chb11,3
chb11,3
chb11,3
chb11,3
chb11,3
chb11,3
chb11,3
chb11,6
chb11,5
chb11,2
chb11,2
chb11,3
chb11,3
chb11,3
chb11,3
chb11,3
chb11,3
chb11,3
chb11,3
chb11,3
chb11,3
chb11,3
chb11,6
chb11,3
chb11,2
chb11,3
chb11,3
chb11,3
chb11,3
chb11,3
chb11,3
chb11,3
chb11,3
chb11,3
chb11,3
chb11,3
chb11,3
chb11,3
chb11,3
chb11,3
chb11,3
chb11,3
chb11,3
chb11,3
chb11,3
chb11,3
chb11,3
chb11,3
chb11,3
chb11,3
chb11,3
chb11,3
chb11,3
chb11,3
chb11,3
chb11,3
chb11,3
chb11,3
chb11,3
chb11,5
chb11,2
chb11,2
chb11,2
chb11,5
chb11,5
chb11,5
chb11,2
chb11,5
chb11,7
chb11,6
chb11,2
chb11,5
chb11,5
chb11,2
chb11,5
chb11,5
chb11,5
chb11,5
chb11,5
chb11,5
chb11,5
chb11,2
chb11,2
chb11,2
chb11,5
chb11,2
chb11,5
chb11,5
chb11,5
chb11,5
chb11,3
chb11,3
chb11,3
chb11,2
chb11,3
chb11,3
chb11,5
chb11,7
chb11,3
chb11,2
chb11,3
chb11,2
chb11,5
chb11,3
chb11,5
chb11,5
chb11,3
chb11,2
chb11,3
chb11,5
chb11,5
chb11,5
chb11,3
chb11,2
chb11,3
chb11,2
chb11,3
chb11,3
chb11,5
chb12,6
chb12,6
chb12,6
chb12,6
chb12,6
chb12,5
chb12,6
chb12,6
chb12,6
chb12,6
chb12,6
chb12,6
chb12,6
chb12,6
chb12,6
chb12,6
chb12,6
chb12,6
chb12,6
chb12,6
chb12,6
chb12,6
chb12,6
chb12,2
chb12,6
chb12,6
chb12,6
chb12,6
chb12,6
chb12,5
chb12,5
chb12,5
chb12,5
chb12,3
chb12,6
chb12,5
chb12,5
chb12,5
chb12,5
chb12,5
chb12,5
chb12,5
chb12,5
chb12,5
chb12,5
chb12,5
chb12,6
chb12,6
chb12,5
chb12,6
chb12,6
chb12,6
chb12,5
chb12,6
chb12,5
chb12,5
chb12,6
chb12,5
chb12,5
chb12,5
chb12,6
chb12,6
chb12,6
chb12,6
chb12,6
chb12,6
chb12,6
chb12,6
chb12,6
chb12,6
chb12,6
chb12,6
chb12,6
chb12,6
chb12,6
chb12,6
chb12,6
chb12,6
chb12,6
chb12,6
chb12,6
chb12,6
chb12,6
chb12,6
chb12,6
chb12,6
chb12,6
chb12,6
chb12,6
chb12,6
chb12,5
chb12,6
chb12,6
chb12,5
chb12,5
chb12,5
chb12,6
chb12,5
chb12,6
chb12,6
chb12,6
chb12,5
chb12,6
chb12,5
chb12,5
chb12,5
chb12,6
chb12,6
chb12,6
chb12,5
chb12,6
chb12,5
chb12,6
chb12,5
chb12,6
chb12,6
chb12,6
chb12,5
chb12,5
chb12,5
chb12,3
chb12,3
chb12,3
chb12,3
chb12,3
chb12,3
chb12,3
chb12,3
chb12,3
chb12,3
chb12,3
chb12,3
chb12,3
chb12,3
chb12,3
chb12,6
chb12,3
chb12,3
chb12,3
chb12,3
chb12,3
chb12,3
chb12,3
chb12,3
chb12,3
chb12,6
chb12,3
chb12,3
chb12,3
chb12,3
chb12,5
chb12,5
chb12,6
chb12,5
chb12,6
chb12,6
chb12,5
chb12,5
chb12,6
chb12,6
chb12,5
chb12,5
chb12,5
chb12,5
chb12,5
chb12,5
chb12,6
chb12,5
chb12,6
chb12,5
chb12,5
chb12,6
chb12,5
chb12,6
chb12,6
chb12,5
chb12,5
chb12,5
chb12,5
chb12,6
chb12,6
chb12,5
chb12,5
chb12,5
chb12,5
chb12,5
chb12,6
chb12,6
chb12,6
chb12,6
chb12,6
chb12,6
chb12,5
chb12,5
chb12,5
chb12,5
chb12,5
chb12,6
chb12,6
chb12,6
chb12,5
chb12,5
chb12,6
chb12,5
chb12,5
chb12,6
chb12,6
chb12,6
chb12,5
chb12,6
chb12,5
chb12,5
chb12,3
chb12,3
chb12,5
chb12,3
chb12,3
chb12,5
chb12,5
chb12,5
chb12,3
chb12,6
chb12,5
chb12,5
chb12,5
chb12,5
chb12,3
chb12,5
chb12,3
chb12,3
chb12,3
chb12,5
chb12,6
chb12,5
chb12,6
chb12,6
chb12,6
chb12,3
chb12,3
chb12,3
chb12,6
chb12,6
chb12,3
chb12,6
chb12,3
chb12,6
chb12,6
chb12,6
chb12,3
chb12,3
chb12,3
chb12,3
chb12,3
chb12,3
chb12,3
chb12,3
chb12,3
chb12,6
chb12,3
chb12,6
chb12,3
chb12,6
chb12,6
chb12,6
chb12,6
chb12,6
chb12,6
chb12,3
chb12,3
chb12,6
chb12,3
chb12,3
chb12,3
chb12,3
chb12,3
chb12,3
chb12,6
chb12,6
chb12,6
chb12,3
chb12,3
chb12,3
chb12,3
chb12,6
chb12,3
chb12,3
chb12,3
chb12,3
chb12,3
chb12,3
chb12,3
chb12,3
chb12,3
chb12,6
chb12,3
chb12,3
chb12,3
chb12,3
chb12,3
chb12,3
chb13,5
chb13,2
chb13,5
chb13,2
chb13,5
chb13,2
chb13,2
chb13,2
chb13,5
chb13,2
chb13,2
chb13,2
chb13,5
chb13,2
chb13,2
chb13,2
chb13,2
chb13,2
chb13,2
chb13,2
chb13,2
chb13,2
chb13,2
chb13,2
chb13,2
chb13,2
chb13,2
chb13,2
chb13,2
chb13,5
chb13,4
chb13,3
chb13,4
chb13,4
chb13,3
chb13,4
chb13,5
chb13,4
chb13,4
chb13,4
chb13,3
chb13,5
chb13,4
chb13,4
chb13,4
chb13,4
chb13,4
chb13,5
chb13,4
chb13,4
chb13,4
chb13,4
chb13,4
chb13,4
chb13,5
chb13,4
chb13,4
chb13,4
chb13,4
chb13,4
chb13,3
chb13,3
chb13,3
chb13,3
chb13,3
chb13,3
chb13,3
chb13,3
chb13,6
chb13,3
chb13,3
chb13,3
chb13,3
chb13,3
chb13,3
chb13,3
chb13,3
chb13,3
chb13,6
chb13,3
chb13,3
chb13,3
chb13,3
chb13,3
chb13,6
chb13,3
chb13,3
chb13,6
chb13,3
chb13,3
chb13,4
chb13,4
chb13,3
chb13,4
chb13,4
chb13,3
chb13,4
chb13,4
chb13,4
chb13,4
chb13,3
chb13,3
chb13,4
chb13,4
chb13,4
chb13,4
chb13,4
chb13,4
chb13,5
chb13,4
chb13,3
chb13,4
chb13,4
chb13,3
chb13,4
chb13,4
chb13,4
chb13,4
chb13,3
chb13,4
chb13,3
chb13,3
chb13,3
chb13,3
chb13,3
chb13,4
chb13,3
chb13,3
chb13,3
chb13,3
chb13,3
chb13,4
chb13,3
chb13,3
chb13,3
chb13,3
chb13,3
chb13,3
chb13,3
chb13,3
chb13,3
chb13,3
chb13,3
chb13,3
chb13,3
chb13,3
chb13,3
chb13,3
chb13,3
chb13,3
chb13,2
chb13,7
chb13,2
chb13,5
chb13,7
chb13,7
chb13,5
chb13,5
chb13,6
chb13,5
chb13,6
chb13,5
chb13,7
chb13,2
chb13,3
chb13,6
chb13,5
chb13,5
chb13,5
chb13,6
chb13,7
chb13,5
chb13,7
chb13,5
chb13,3
chb13,7
chb13,5
chb13,7
chb13,5
chb13,7
chb13,2
chb13,5
chb13,2
chb13,2
chb13,2
chb13,2
chb13,2
chb13,2
chb13,2
chb13,2
chb13,2
chb13,2
chb13,2
chb13,2
chb13,5
chb13,2
chb13,2
chb13,2
chb13,2
chb13,2
chb13,2
chb13,5
chb13,2
chb13,2
chb13,5
chb13,2
chb13,5
chb13,2
chb13,2
chb13,5
chb13,3
chb13,3
chb13,3
chb13,4
chb13,3
chb13,4
chb13,4
chb13,4
chb13,4
chb13,4
chb13,4
chb13,3
chb13,3
chb13,4
chb13,4
chb13,3
chb13,3
chb13,4
chb13,4
chb13,4
chb13,4
chb13,4
chb13,4
chb13,4
chb13,4
chb13,3
chb13,4
chb13,4
chb13,4
chb13,4
chb13,4
chb13,4
chb13,4
chb13,4
chb13,4
chb13,4
chb13,4
chb13,4
chb13,4
chb13,4
chb13,4
chb13,4
chb13,4
chb13,4
chb13,4
chb13,4
chb13,4
chb13,4
chb13,4
chb13,4
chb13,4
chb13,4
chb13,4
chb13,4
chb13,4
chb13,3
chb13,4
chb13,4
chb13,4
chb13,4
chb13,4
chb13,4
chb13,4
chb13,4
chb13,3
chb13,4
chb13,3
chb13,3
chb13,3
chb13,3
chb13,3
chb13,3
chb13,3
chb13,3
chb13,3
chb13,3
chb13,3
chb13,3
chb13,3
chb13,4
chb13,3
chb13,4
chb13,3
chb13,3
chb13,4
chb13,3
chb13,3
chb13,3
chb13,3
chb13,3
chb14,2
chb14,3
chb14,3
chb14,3
chb14,3
chb14,3
chb14,3
chb14,3
chb14,2
chb14,3
chb14,3
chb14,3
chb14,3
chb14,2
chb14,3
chb14,3
chb14,3
chb14,2
chb14,3
chb14,3
chb14,3
chb14,3
chb14,3
chb14,3
chb14,3
chb14,2
chb14,3
chb14,3
chb14,3
chb14,3
chb14,3
chb14,3
chb14,3
chb14,4
chb14,3
chb14,3
chb14,3
chb14,3
chb14,3
chb14,3
chb14,3
chb14,3
chb14,3
chb14,3
chb14,3
chb14,3
chb14,3
chb14,3
chb14,3
chb14,3
chb14,3
chb14,3
chb14,3
chb14,3
chb14,3
chb14,3
chb14,3
chb14,3
chb14,3
chb14,3
chb14,3
chb14,3
chb14,3
chb14,3
chb14,3
chb14,3
chb14,3
chb14,3
chb14,3
chb14,3
chb14,3
chb14,3
chb14,3
chb14,3
chb14,3
chb14,3
chb14,3
chb14,3
chb14,3
chb14,3
chb14,3
chb14,3
chb14,3
chb14,3
chb14,3
chb14,3
chb14,3
chb14,3
chb14,3
chb14,3
chb14,3
chb14,3
chb14,3
chb14,3
chb14,3
chb14,3
chb14,3
chb14,3
chb14,3
chb14,3
chb14,3
chb14,3
chb14,3
chb14,3
chb14,3
chb14,3
chb14,3
chb14,3
chb14,3
chb14,3
chb14,3
chb14,3
chb14,3
chb14,3
chb14,3
chb14,3
chb14,3
chb14,3
chb14,3
chb14,3
chb14,3
chb14,3
chb14,3
chb14,3
chb14,3
chb14,3
chb14,3
chb14,7
chb14,3
chb14,3
chb14,3
chb14,3
chb14,3
chb14,2
chb14,3
chb14,3
chb14,3
chb14,3
chb14,3
chb14,3
chb14,3
chb14,3
chb14,3
chb14,3
chb14,3
chb14,3
chb14,3
chb14,2
chb14,3
chb14,3
chb14,3
chb14,3
chb14,3
chb14,3
chb14,3
chb14,3
chb14,3
chb14,3
chb14,3
chb14,3
chb14,3
chb14,3
chb14,3
chb14,3
chb14,3
chb14,3
chb14,3
chb14,3
chb14,3
chb14,3
chb14,3
chb14,3
chb14,3
chb14,3
chb14,3
chb14,3
chb14,3
chb14,3
chb14,3
chb14,3
chb14,3
chb14,3
chb14,3
chb14,3
chb14,3
chb14,3
chb14,3
chb14,3
chb14,3
chb14,3
chb14,3
chb14,3
chb14,3
chb14,3
chb14,3
chb14,3
chb14,3
chb14,3
chb14,3
chb14,3
chb14,3
chb14,3
chb14,3
chb14,3
chb14,3
chb14,3
chb14,3
chb14,3
chb14,3
chb14,3
chb14,3
chb14,3
chb14,3
chb14,3
chb14,3
chb14,3
chb14,3
chb14,3
chb14,3
chb14,3
chb14,3
chb14,3
chb14,3
chb14,3
chb14,3
chb14,3
chb14,3
chb14,3
chb14,3
chb14,3
chb14,3
chb14,3
chb14,3
chb14,3
chb14,3
chb14,3
chb14,3
chb14,3
chb14,3
chb14,3
chb14,3
chb14,3
chb14,3
chb14,3
chb14,3
chb14,3
chb14,3
chb14,3
chb14,2
chb14,3
chb14,3
chb14,3
chb14,3
chb14,3
chb14,3
chb14,3
chb14,3
chb14,3
chb14,3
chb14,3
chb14,3
chb14,3
chb14,3
chb14,3
chb14,3
chb14,3
chb14,2
chb14,3
chb14,3
chb14,3
chb14,3
chb14,3
chb14,3
chb14,3
chb14,3
chb14,3
chb14,3
chb14,2
chb14,3
chb14,3
chb14,3
chb14,3
chb14,2
chb14,3
chb14,2
chb14,3
chb14,3
chb14,2
chb14,2
chb14,3
chb14,2
chb14,3
chb14,3
chb14,3
chb14,3
chb14,3
chb14,2
chb14,3
chb14,3
chb14,3
chb15,2
chb15,3
chb15,2
chb15,2
chb15,2
chb15,3
chb15,2
chb15,2
chb15,3
chb15,2
chb15,2
chb15,3
chb15,3
chb15,2
chb15,2
chb15,2
chb15,2
chb15,2
chb15,2
chb15,3
chb15,2
chb15,2
chb15,2
chb15,2
chb15,3
chb15,2
chb15,3
chb15,3
chb15,2
chb15,3
chb15,2
chb15,3
chb15,2
chb15,3
chb15,2
chb15,3
chb15,3
chb15,2
chb15,3
chb15,3
chb15,2
chb15,2
chb15,3
chb15,2
chb15,3
chb15,2
chb15,2
chb15,3
chb15,3
chb15,3
chb15,2
chb15,3
chb15,2
chb15,2
chb15,3
chb15,2
chb15,2
chb15,3
chb15,3
chb15,3
chb15,2
chb15,2
chb15,2
chb15,2
chb15,2
chb15,2
chb15,2
chb15,2
chb15,2
chb15,2
chb15,2
chb15,2
chb15,2
chb15,2
chb15,2
chb15,2
chb15,2
chb15,2
chb15,2
chb15,2
chb15,2
chb15,2
chb15,2
chb15,2
chb15,2
chb15,2
chb15,2
chb15,2
chb15,2
chb15,2
chb15,2
chb15,2
chb15,2
chb15,2
chb15,2
chb15,2
chb15,2
chb15,2
chb15,2
chb15,2
chb15,2
chb15,2
chb15,2
chb15,2
chb15,2
chb15,2
chb15,2
chb15,2
chb15,2
chb15,2
chb15,2
chb15,2
chb15,2
chb15,2
chb15,2
chb15,2
chb15,2
chb15,2
chb15,2
chb15,2
chb15,3
chb15,2
chb15,2
chb15,3
chb15,2
chb15,2
chb15,2
chb15,3
chb15,3
chb15,2
chb15,2
chb15,2
chb15,2
chb15,3
chb15,3
chb15,2
chb15,3
chb15,2
chb15,2
chb15,3
chb15,2
chb15,3
chb15,2
chb15,2
chb15,2
chb15,3
chb15,2
chb15,3
chb15,2
chb15,3
chb15,2
chb15,2
chb15,2
chb15,2
chb15,2
chb15,2
chb15,2
chb15,2
chb15,2
chb15,5
chb15,2
chb15,2
chb15,2
chb15,2
chb15,2
chb15,2
chb15,2
chb15,2
chb15,2
chb15,2
chb15,2
chb15,2
chb15,2
chb15,2
chb15,2
chb15,2
chb15,2
chb15,2
chb15,2
chb15,2
chb15,2
chb15,2
chb15,2
chb15,2
chb15,2
chb15,2
chb15,2
chb15,2
chb15,2
chb15,2
chb15,2
chb15,2
chb15,2
chb15,2
chb15,2
chb15,2
chb15,2
chb15,2
chb15,2
chb15,2
chb15,2
chb15,2
chb15,2
chb15,2
chb15,2
chb15,2
chb15,2
chb15,2
chb15,2
chb15,2
chb15,2
chb15,2
chb15,2
chb15,2
chb15,2
chb15,2
chb15,2
chb15,2
chb15,2
chb15,2
chb15,2
chb15,2
chb15,2
chb15,2
chb15,2
chb15,2
chb15,2
chb15,2
chb15,2
chb15,2
chb15,2
chb15,2
chb15,2
chb15,2
chb15,2
chb15,2
chb15,2
chb15,2
chb15,2
chb15,2
chb15,2
chb15,2
chb15,5
chb15,2
chb15,2
chb15,2
chb15,2
chb15,5
chb15,2
chb15,5
chb15,2
chb15,2
chb15,2
chb15,2
chb15,2
chb15,2
chb15,2
chb15,5
chb15,2
chb15,5
chb15,2
chb15,2
chb15,2
chb15,2
chb15,2
chb15,2
chb15,2
chb15,2
chb15,2
chb15,2
chb15,2
chb15,2
chb15,2
chb15,2
chb15,2
chb15,2
chb15,2
chb15,2
chb15,2
chb15,2
chb15,2
chb15,2
chb15,2
chb15,2
chb15,2
chb15,2
chb15,2
chb15,2
chb15,2
chb15,2
chb15,2
chb15,2
chb15,2
chb15,2
chb15,2
chb15,2
chb15,2
chb15,2
chb15,2
chb15,2
chb16,5
chb16,5
chb16,5
chb16,5
chb16,5
chb16,5
chb16,5
chb16,5
chb16,2
chb16,2
chb16,5
chb16,5
chb16,5
chb16,5
chb16,5
chb16,5
chb16,5
chb16,5
chb16,5
chb16,5
chb16,7
chb16,5
chb16,5
chb16,5
chb16,2
chb16,5
chb16,5
chb16,5
chb16,5
chb16,2
chb16,5
chb16,5
chb16,5
chb16,5
chb16,5
chb16,5
chb16,5
chb16,5
chb16,5
chb16,5
chb16,5
chb16,5
chb16,5
chb16,5
chb16,5
chb16,5
chb16,5
chb16,5
chb16,5
chb16,5
chb16,5
chb16,5
chb16,5
chb16,7
chb16,2
chb16,5
chb16,5
chb16,5
chb16,5
chb16,5
chb16,6
chb16,6
chb16,5
chb16,5
chb16,6
chb16,5
chb16,3
chb16,6
chb16,3
chb16,5
chb16,5
chb16,6
chb16,6
chb16,6
chb16,5
chb16,5
chb16,5
chb16,6
chb16,3
chb16,5
chb16,5
chb16,5
chb16,6
chb16,5
chb16,5
chb16,5
chb16,5
chb16,6
chb16,5
chb16,5
chb16,10
chb16,6
chb16,6
chb16,6
chb16,3
chb16,6
chb16,6
chb16,5
chb16,6
chb16,6
chb16,6
chb16,6
chb16,6
chb16,6
chb16,6
chb16,6
chb16,6
chb16,6
chb16,6
chb16,6
chb16,6
chb16,6
chb16,6
chb16,6
chb16,6
chb16,6
chb16,8
chb16,6
chb16,6
chb16,7
chb16,5
chb16,5
chb16,5
chb16,5
chb16,5
chb16,5
chb16,5
chb16,7
chb16,5
chb16,5
chb16,6
chb16,5
chb16,6
chb16,5
chb16,5
chb16,5
chb16,3
chb16,6
chb16,5
chb16,5
chb16,6
chb16,5
chb16,5
chb16,6
chb16,6
chb16,5
chb16,6
chb16,8
chb16,5
chb16,5
chb16,6
chb16,5
chb16,6
chb16,6
chb16,6
chb16,6
chb16,7
chb16,6
chb16,3
chb16,6
chb16,6
chb16,3
chb16,3
chb16,6
chb16,5
chb16,3
chb16,6
chb16,6
chb16,6
chb16,3
chb16,6
chb16,6
chb16,6
chb16,6
chb16,5
chb16,6
chb16,6
chb16,6
chb16,5
chb16,3
chb16,6
chb16,6
chb16,3
chb16,6
chb16,6
chb16,3
chb16,3
chb16,5
chb16,6
chb16,6
chb16,6
chb16,6
chb16,3
chb16,3
chb16,3
chb16,3
chb16,6
chb16,6
chb16,3
chb16,5
chb16,3
chb16,3
chb16,3
chb16,6
chb16,3
chb16,6
chb16,6
chb16,3
chb16,3
chb16,3
chb16,5
chb16,5
chb16,5
chb16,5
chb16,5
chb16,5
chb16,5
chb16,5
chb16,5
chb16,5
chb16,5
chb16,5
chb16,5
chb16,5
chb16,5
chb16,5
chb16,5
chb16,5
chb16,5
chb16,5
chb16,5
chb16,5
chb16,6
chb16,5
chb16,6
chb16,5
chb16,5
chb16,5
chb16,6
chb16,5
chb16,5
chb16,5
chb16,5
chb16,5
chb16,5
chb16,5
chb16,5
chb16,5
chb16,5
chb16,5
chb16,5
chb16,5
chb16,5
chb16,5
chb16,5
chb16,7
chb16,5
chb16,5
chb16,5
chb16,5
chb16,5
chb16,5
chb16,5
chb16,5
chb16,5
chb16,5
chb16,5
chb16,5
chb16,5
chb16,5
chb16,6
chb16,6
chb16,6
chb16,6
chb16,6
chb16,5
chb16,6
chb16,6
chb16,6
chb16,6
chb16,6
chb16,6
chb16,6
chb16,6
chb16,6
chb16,6
chb16,6
chb16,5
chb16,7
chb16,6
chb16,6
chb16,6
chb16,5
chb16,5
chb16,6
chb16,6
chb16,6
chb16,6
chb16,6
chb16,5
chb17,7
chb17,3
chb17,5
chb17,3
chb17,7
chb17,3
chb17,7
chb17,3
chb17,7
chb17,5
chb17,3
chb17,7
chb17,2
chb17,5
chb17,5
chb17,7
chb17,5
chb17,7
chb17,7
chb17,3
chb17,7
chb17,7
chb17,5
chb17,2
chb17,7
chb17,3
chb17,2
chb17,7
chb17,3
chb17,5
chb17,3
chb17,3
chb17,3
chb17,3
chb17,3
chb17,3
chb17,3
chb17,3
chb17,6
chb17,3
chb17,3
chb17,3
chb17,3
chb17,3
chb17,3
chb17,3
chb17,3
chb17,3
chb17,2
chb17,3
chb17,3
chb17,3
chb17,3
chb17,3
chb17,3
chb17,3
chb17,3
chb17,7
chb17,3
chb17,7
chb17,3
chb17,3
chb17,3
chb17,3
chb17,3
chb17,3
chb17,3
chb17,3
chb17,3
chb17,3
chb17,5
chb17,3
chb17,3
chb17,3
chb17,3
chb17,3
chb17,3
chb17,3
chb17,3
chb17,3
chb17,3
chb17,3
chb17,3
chb17,3
chb17,3
chb17,3
chb17,3
chb17,3
chb17,3
chb17,3
chb17,7
chb17,5
chb17,3
chb17,3
chb17,8
chb17,3
chb17,3
chb17,5
chb17,3
chb17,7
chb17,3
chb17,3
chb17,5
chb17,7
chb17,2
chb17,7
chb17,3
chb17,3
chb17,2
chb17,5
chb17,5
chb17,2
chb17,5
chb17,5
chb17,3
chb17,5
chb17,5
chb17,3
chb17,5
chb17,3
chb17,3
chb17,7
chb17,3
chb17,3
chb17,3
chb17,3
chb17,7
chb17,3
chb17,3
chb17,3
chb17,3
chb17,3
chb17,3
chb17,3
chb17,3
chb17,3
chb17,3
chb17,3
chb17,3
chb17,3
chb17,3
chb17,3
chb17,3
chb17,3
chb17,3
chb17,9
chb17,3
chb17,3
chb17,3
chb17,3
chb17,3
chb17,3
chb17,2
chb17,3
chb17,3
chb17,3
chb17,3
chb17,3
chb17,2
chb17,3
chb17,2
chb17,2
chb17,3
chb17,2
chb17,2
chb17,2
chb17,2
chb17,3
chb17,3
chb17,3
chb17,2
chb17,3
chb17,3
chb17,3
chb17,2
chb17,3
chb17,3
chb17,3
chb17,3
chb17,3
chb17,5
chb17,5
chb17,2
chb17,3
chb17,2
chb17,5
chb17,5
chb17,5
chb17,2
chb17,2
chb17,5
chb17,2
chb17,2
chb17,5
chb17,5
chb17,5
chb17,2
chb17,5
chb17,2
chb17,7
chb17,5
chb17,2
chb17,5
chb17,5
chb17,5
chb17,5
chb17,3
chb17,2
chb17,7
chb17,5
chb17,3
chb17,3
chb17,3
chb17,3
chb17,3
chb17,3
chb17,3
chb17,3
chb17,3
chb17,3
chb17,3
chb17,3
chb17,3
chb17,3
chb17,3
chb17,3
chb17,3
chb17,3
chb17,3
chb17,3
chb17,3
chb17,3
chb17,3
chb17,3
chb17,3
chb17,3
chb17,3
chb17,3
chb17,3
chb17,3
chb17,5
chb17,5
chb17,2
chb17,5
chb17,5
chb17,5
chb17,3
chb17,5
chb17,7
chb17,5
chb17,5
chb17,5
chb17,5
chb17,5
chb17,5
chb17,5
chb17,7
chb17,5
chb17,3
chb17,5
chb17,5
chb17,5
chb17,5
chb17,5
chb17,5
chb17,2
chb17,2
chb17,5
chb17,5
chb17,5
chb17,7
chb17,5
chb17,5
chb17,7
chb17,7
chb17,2
chb17,2
chb17,7
chb17,2
chb17,7
chb17,3
chb17,5
chb17,5
chb17,7
chb17,5
chb17,3
chb17,5
chb17,7
chb17,5
chb17,7
chb17,7
chb17,8
chb17,7
chb17,5
chb17,5
chb17,2
chb17,7
chb17,5
chb17,5
chb17,3
chb18,2
chb18,2
chb18,2
chb18,2
chb18,2
chb18,2
chb18,2
chb18,2
chb18,2
chb18,2
chb18,2
chb18,2
chb18,2
chb18,2
chb18,2
chb18,2
chb18,2
chb18,2
chb18,2
chb18,3
chb18,2
chb18,2
chb18,2
chb18,2
chb18,2
chb18,2
chb18,2
chb18,5
chb18,2
chb18,2
chb18,6
chb18,2
chb18,6
chb18,2
chb18,2
chb18,6
chb18,2
chb18,2
chb18,2
chb18,2
chb18,2
chb18,2
chb18,6
chb18,8
chb18,5
chb18,2
chb18,2
chb18,2
chb18,2
chb18,2
chb18,2
chb18,5
chb18,6
chb18,2
chb18,6
chb18,2
chb18,5
chb18,2
chb18,2
chb18,6
chb18,2
chb18,2
chb18,2
chb18,2
chb18,2
chb18,2
chb18,2
chb18,2
chb18,2
chb18,2
chb18,2
chb18,2
chb18,2
chb18,2
chb18,2
chb18,2
chb18,2
chb18,2
chb18,2
chb18,2
chb18,2
chb18,2
chb18,2
chb18,2
chb18,2
chb18,2
chb18,2
chb18,2
chb18,2
chb18,2
chb18,2
chb18,2
chb18,2
chb18,2
chb18,2
chb18,2
chb18,2
chb18,2
chb18,2
chb18,2
chb18,2
chb18,2
chb18,2
chb18,2
chb18,2
chb18,2
chb18,2
chb18,2
chb18,2
chb18,2
chb18,2
chb18,2
chb18,2
chb18,2
chb18,2
chb18,2
chb18,2
chb18,2
chb18,2
chb18,2
chb18,2
chb18,2
chb18,2
chb18,2
chb18,2
chb18,2
chb18,2
chb18,2
chb18,2
chb18,2
chb18,2
chb18,2
chb18,2
chb18,2
chb18,2
chb18,2
chb18,2
chb18,3
chb18,2
chb18,2
chb18,2
chb18,2
chb18,2
chb18,2
chb18,2
chb18,2
chb18,2
chb18,2
chb18,2
chb18,2
chb18,2
chb18,2
chb18,2
chb18,2
chb18,2
chb18,6
chb18,2
chb18,2
chb18,2
chb18,2
chb18,2
chb18,2
chb18,2
chb18,2
chb18,2
chb18,2
chb18,2
chb18,2
chb18,2
chb18,2
chb18,2
chb18,2
chb18,2
chb18,2
chb18,2
chb18,2
chb18,2
chb18,2
chb18,2
chb18,2
chb18,2
chb18,2
chb18,2
chb18,2
chb18,2
chb18,2
chb18,2
chb18,2
chb18,2
chb18,7
chb18,2
chb18,2
chb18,2
chb18,2
chb18,2
chb18,2
chb18,2
chb18,2
chb18,2
chb18,2
chb18,2
chb18,2
chb18,2
chb18,2
chb18,2
chb18,2
chb18,2
chb18,2
chb18,2
chb18,2
chb18,2
chb18,2
chb18,2
chb18,2
chb18,2
chb18,2
chb18,2
chb18,8
chb18,2
chb18,2
chb18,5
chb18,6
chb18,2
chb18,2
chb18,2
chb18,2
chb18,2
chb18,2
chb18,2
chb18,2
chb18,2
chb18,2
chb18,2
chb18,2
chb18,2
chb18,2
chb18,2
chb18,6
chb18,7
chb18,2
chb18,2
chb18,2
chb18,2
chb18,2
chb18,2
chb18,2
chb18,2
chb18,2
chb18,2
chb18,2
chb18,2
chb18,2
chb18,2
chb18,2
chb18,2
chb18,2
chb18,2
chb18,2
chb18,2
chb18,2
chb18,2
chb18,2
chb18,2
chb18,2
chb18,2
chb18,2
chb18,2
chb18,2
chb18,2
chb18,2
chb18,2
chb18,2
chb18,2
chb18,2
chb18,2
chb18,2
chb18,2
chb18,2
chb18,2
chb18,2
chb18,2
chb18,2
chb18,2
chb18,2
chb18,2
chb18,2
chb18,2
chb18,2
chb18,2
chb18,3
chb18,2
chb18,2
chb18,2
chb18,2
chb18,2
chb18,2
chb18,2
chb18,2
chb18,2
chb18,2
chb19,2
chb19,5
chb19,5
chb19,5
chb19,5
chb19,5
chb19,2
chb19,2
chb19,5
chb19,5
chb19,2
chb19,5
chb19,5
chb19,2
chb19,2
chb19,5
chb19,2
chb19,5
chb19,5
chb19,2
chb19,6
chb19,5
chb19,2
chb19,5
chb19,5
chb19,2
chb19,5
chb19,5
chb19,5
chb19,2
chb19,2
chb19,5
chb19,5
chb19,5
chb19,6
chb19,2
chb19,2
chb19,6
chb19,2
chb19,13
chb19,2
chb19,2
chb19,6
chb19,2
chb19,9
chb19,2
chb19,2
chb19,5
chb19,5
chb19,5
chb19,2
chb19,2
chb19,2
chb19,2
chb19,2
chb19,5
chb19,2
chb19,5
chb19,2
chb19,2
chb19,5
chb19,5
chb19,5
chb19,2
chb19,2
chb19,5
chb19,2
chb19,5
chb19,2
chb19,2
chb19,5
chb19,5
chb19,2
chb19,5
chb19,5
chb19,5
chb19,5
chb19,2
chb19,6
chb19,2
chb19,3
chb19,2
chb19,2
chb19,2
chb19,6
chb19,2
chb19,6
chb19,8
chb19,2
chb19,2
chb19,2
chb19,2
chb19,2
chb19,2
chb19,8
chb19,2
chb19,2
chb19,2
chb19,2
chb19,2
chb19,2
chb19,2
chb19,2
chb19,5
chb19,2
chb19,2
chb19,2
chb19,2
chb19,2
chb19,2
chb19,2
chb19,2
chb19,2
chb19,2
chb19,2
chb19,2
chb19,2
chb19,6
chb19,2
chb19,2
chb19,5
chb19,5
chb19,6
chb19,7
chb19,5
chb19,5
chb19,6
chb19,5
chb19,5
chb19,5
chb19,7
chb19,7
chb19,5
chb19,7
chb19,5
chb19,7
chb19,5
chb19,6
chb19,5
chb19,5
chb19,5
chb19,7
chb19,6
chb19,7
chb19,5
chb19,5
chb19,5
chb19,6
chb19,7
chb19,5
chb19,2
chb19,2
chb19,6
chb19,2
chb19,2
chb19,2
chb19,2
chb19,2
chb19,2
chb19,2
chb19,2
chb19,2
chb19,2
chb19,2
chb19,2
chb19,2
chb19,2
chb19,5
chb19,2
chb19,2
chb19,2
chb19,2
chb19,8
chb19,2
chb19,2
chb19,2
chb19,2
chb19,2
chb19,2
chb19,2
chb19,2
chb19,6
chb19,2
chb19,2
chb19,1
chb19,5
chb19,2
chb19,2
chb19,6
chb19,6
chb19,2
chb19,2
chb19,2
chb19,2
chb19,2
chb19,6
chb19,2
chb19,2
chb19,2
chb19,2
chb19,8
chb19,2
chb19,2
chb19,6
chb19,2
chb19,2
chb19,2
chb19,2
chb19,12
chb19,2
chb19,2
chb19,2
chb19,2
chb19,2
chb19,6
chb19,2
chb19,2
chb19,2
chb19,2
chb19,2
chb19,2
chb19,2
chb19,2
chb19,2
chb19,2
chb19,2
chb19,2
chb19,2
chb19,2
chb19,2
chb19,2
chb19,2
chb19,2
chb19,2
chb19,2
chb19,2
chb19,2
chb19,2
chb19,2
chb19,2
chb19,3
chb19,3
chb19,7
chb19,3
chb19,3
chb19,3
chb19,3
chb19,3
chb19,3
chb19,3
chb19,3
chb19,3
chb19,3
chb19,3
chb19,3
chb19,3
chb19,3
chb19,3
chb19,3
chb19,3
chb19,3
chb19,3
chb19,3
chb19,3
chb19,3
chb19,3
chb19,3
chb19,3
chb19,3
chb19,3
chb19,3
chb19,3
chb19,3
chb19,10
chb19,1
chb19,3
chb19,2
chb19,3
chb19,3
chb19,2
chb19,2
chb19,3
chb19,3
chb19,5
chb19,2
chb19,5
chb19,3
chb19,5
chb19,3
chb19,5
chb19,3
chb19,5
chb19,3
chb19,2
chb19,3
chb19,5
chb19,3
chb19,3
chb19,5
chb19,3
chb20,6
chb20,2
chb20,2
chb20,6
chb20,6
chb20,7
chb20,6
chb20,2
chb20,6
chb20,6
chb20,6
chb20,6
chb20,6
chb20,6
chb20,6
chb20,6
chb20,6
chb20,6
chb20,2
chb20,2
chb20,7
chb20,2
chb20,2
chb20,6
chb20,6
chb20,6
chb20,7
chb20,6
chb20,7
chb20,6
chb20,6
chb20,6
chb20,6
chb20,6
chb20,6
chb20,6
chb20,6
chb20,6
chb20,6
chb20,6
chb20,6
chb20,6
chb20,6
chb20,6
chb20,6
chb20,6
chb20,6
chb20,6
chb20,6
chb20,6
chb20,6
chb20,6
chb20,6
chb20,6
chb20,6
chb20,6
chb20,6
chb20,6
chb20,6
chb20,6
chb20,6
chb20,7
chb20,7
chb20,6
chb20,6
chb20,15
chb20,6
chb20,6
chb20,6
chb20,6
chb20,6
chb20,6
chb20,6
chb20,6
chb20,7
chb20,6
chb20,6
chb20,6
chb20,6
chb20,6
chb20,6
chb20,6
chb20,6
chb20,6
chb20,1
chb20,6
chb20,6
chb20,6
chb20,6
chb20,6
chb20,6
chb20,6
chb20,6
chb20,6
chb20,6
chb20,6
chb20,6
chb20,6
chb20,6
chb20,6
chb20,6
chb20,6
chb20,6
chb20,6
chb20,6
chb20,6
chb20,6
chb20,3
chb20,6
chb20,6
chb20,6
chb20,6
chb20,6
chb20,6
chb20,6
chb20,6
chb20,6
chb20,6
chb20,6
chb20,6
chb20,6
chb20,6
chb20,6
chb20,6
chb20,6
chb20,6
chb20,6
chb20,6
chb20,5
chb20,6
chb20,6
chb20,6
chb20,6
chb20,6
chb20,6
chb20,6
chb20,6
chb20,6
chb20,3
chb20,6
chb20,6
chb20,6
chb20,6
chb20,6
chb20,3
chb20,6
chb20,6
chb20,6
chb20,6
chb20,6
chb20,6
chb20,3
chb20,3
chb20,6
chb20,3
chb20,3
chb20,6
chb20,3
chb20,6
chb20,6
chb20,6
chb20,3
chb20,3
chb20,6
chb20,6
chb20,6
chb20,6
chb20,6
chb20,3
chb20,3
chb20,6
chb20,3
chb20,6
chb20,6
chb20,6
chb20,6
chb20,6
chb20,6
chb20,6
chb20,6
chb20,6
chb20,6
chb20,6
chb20,6
chb20,6
chb20,6
chb20,6
chb20,6
chb20,6
chb20,6
chb20,6
chb20,6
chb20,6
chb20,6
chb20,6
chb20,6
chb20,6
chb20,6
chb20,6
chb20,6
chb20,6
chb20,6
chb20,6
chb20,6
chb20,6
chb20,6
chb20,6
chb20,6
chb20,6
chb20,6
chb20,6
chb20,6
chb20,5
chb20,6
chb20,6
chb20,6
chb20,6
chb20,6
chb20,6
chb20,6
chb20,6
chb20,6
chb20,6
chb20,6
chb20,6
chb20,6
chb20,5
chb20,6
chb20,6
chb20,6
chb20,6
chb20,6
chb20,6
chb20,6
chb20,6
chb20,6
chb20,6
chb20,6
chb20,6
chb20,7
chb20,3
chb20,3
chb20,3
chb20,3
chb20,3
chb20,4
chb20,3
chb20,3
chb20,3
chb20,3
chb20,3
chb20,3
chb20,3
chb20,3
chb20,3
chb20,3
chb20,3
chb20,3
chb20,3
chb20,3
chb20,3
chb20,3
chb20,3
chb20,3
chb20,6
chb20,3
chb20,3
chb20,3
chb20,3
chb20,3
chb20,7
chb20,7
chb20,6
chb20,5
chb20,6
chb20,2
chb20,6
chb20,6
chb20,6
chb20,6
chb20,6
chb20,6
chb20,2
chb20,7
chb20,6
chb20,6
chb20,6
chb20,6
chb20,6
chb20,6
chb20,6
chb20,7
chb20,7
chb20,6
chb20,6
chb20,6
chb20,7
chb20,6
chb20,6
chb20,6
chb21,3
chb21,3
chb21,2
chb21,3
chb21,3
chb21,3
chb21,3
chb21,3
chb21,3
chb21,3
chb21,3
chb21,3
chb21,3
chb21,3
chb21,3
chb21,3
chb21,3
chb21,3
chb21,3
chb21,3
chb21,3
chb21,3
chb21,3
chb21,3
chb21,3
chb21,3
chb21,3
chb21,3
chb21,3
chb21,3
chb21,2
chb21,2
chb21,2
chb21,5
chb21,2
chb21,2
chb21,2
chb21,2
chb21,2
chb21,2
chb21,5
chb21,2
chb21,2
chb21,5
chb21,5
chb21,5
chb21,5
chb21,5
chb21,2
chb21,2
chb21,2
chb21,2
chb21,2
chb21,2
chb21,2
chb21,5
chb21,5
chb21,2
chb21,2
chb21,5
chb21,4
chb21,4
chb21,4
chb21,4
chb21,4
chb21,3
chb21,4
chb21,3
chb21,4
chb21,3
chb21,4
chb21,4
chb21,4
chb21,4
chb21,4
chb21,4
chb21,3
chb21,5
chb21,4
chb21,4
chb21,4
chb21,3
chb21,4
chb21,3
chb21,4
chb21,4
chb21,3
chb21,4
chb21,4
chb21,4
chb21,2
chb21,2
chb21,2
chb21,2
chb21,2
chb21,2
chb21,2
chb21,2
chb21,2
chb21,2
chb21,2
chb21,2
chb21,5
chb21,2
chb21,2
chb21,2
chb21,2
chb21,2
chb21,2
chb21,2
chb21,2
chb21,2
chb21,2
chb21,2
chb21,2
chb21,2
chb21,2
chb21,5
chb21,2
chb21,2
chb21,3
chb21,3
chb21,5
chb21,3
chb21,3
chb21,3
chb21,3
chb21,4
chb21,3
chb21,3
chb21,3
chb21,3
chb21,4
chb21,3
chb21,4
chb21,3
chb21,3
chb21,3
chb21,5
chb21,4
chb21,4
chb21,5
chb21,3
chb21,4
chb21,3
chb21,2
chb21,3
chb21,3
chb21,4
chb21,4
chb21,2
chb21,2
chb21,5
chb21,5
chb21,5
chb21,2
chb21,5
chb21,5
chb21,5
chb21,2
chb21,2
chb21,2
chb21,6
chb21,5
chb21,2
chb21,2
chb21,2
chb21,2
chb21,5
chb21,2
chb21,5
chb21,2
chb21,5
chb21,2
chb21,2
chb21,5
chb21,2
chb21,2
chb21,5
chb21,5
chb21,2
chb21,2
chb21,2
chb21,2
chb21,2
chb21,2
chb21,2
chb21,2
chb21,2
chb21,6
chb21,2
chb21,2
chb21,2
chb21,2
chb21,2
chb21,2
chb21,2
chb21,2
chb21,6
chb21,2
chb21,2
chb21,2
chb21,5
chb21,2
chb21,2
chb21,2
chb21,2
chb21,2
chb21,2
chb21,2
chb21,2
chb21,2
chb21,2
chb21,2
chb21,2
chb21,5
chb21,2
chb21,5
chb21,2
chb21,2
chb21,2
chb21,2
chb21,2
chb21,2
chb21,5
chb21,2
chb21,5
chb21,2
chb21,2
chb21,2
chb21,2
chb21,2
chb21,2
chb21,5
chb21,2
chb21,2
chb21,2
chb21,2
chb21,2
chb21,2
chb21,3
chb21,3
chb21,3
chb21,3
chb21,2
chb21,2
chb21,3
chb21,3
chb21,3
chb21,3
chb21,3
chb21,3
chb21,3
chb21,3
chb21,3
chb21,3
chb21,2
chb21,3
chb21,3
chb21,3
chb21,3
chb21,3
chb21,3
chb21,2
chb21,2
chb21,3
chb21,2
chb21,3
chb21,3
chb21,2
chb21,2
chb21,2
chb21,2
chb21,2
chb21,2
chb21,2
chb21,5
chb21,2
chb21,2
chb21,2
chb21,2
chb21,2
chb21,2
chb21,2
chb21,2
chb21,2
chb21,2
chb21,2
chb21,2
chb21,2
chb21,2
chb21,2
chb21,2
chb21,2
chb21,2
chb21,2
chb21,2
chb21,5
chb21,2
chb21,2
chb22,2
chb22,2
chb22,2
chb22,2
chb22,5
chb22,5
chb22,2
chb22,2
chb22,5
chb22,2
chb22,2
chb22,5
chb22,2
chb22,5
chb22,2
chb22,2
chb22,2
chb22,2
chb22,2
chb22,2
chb22,2
chb22,2
chb22,2
chb22,2
chb22,5
chb22,2
chb22,2
chb22,6
chb22,5
chb22,2
chb22,3
chb22,3
chb22,2
chb22,3
chb22,3
chb22,3
chb22,2
chb22,3
chb22,3
chb22,2
chb22,3
chb22,3
chb22,3
chb22,2
chb22,3
chb22,2
chb22,3
chb22,3
chb22,2
chb22,3
chb22,3
chb22,3
chb22,3
chb22,3
chb22,3
chb22,3
chb22,3
chb22,2
chb22,2
chb22,3
chb22,4
chb22,6
chb22,6
chb22,4
chb22,3
chb22,3
chb22,3
chb22,6
chb22,3
chb22,4
chb22,6
chb22,3
chb22,3
chb22,6
chb22,4
chb22,3
chb22,4
chb22,4
chb22,3
chb22,2
chb22,4
chb22,4
chb22,4
chb22,6
chb22,3
chb22,3
chb22,4
chb22,3
chb22,3
chb22,4
chb22,3
chb22,3
chb22,3
chb22,3
chb22,3
chb22,3
chb22,5
chb22,3
chb22,3
chb22,3
chb22,3
chb22,3
chb22,3
chb22,3
chb22,3
chb22,3
chb22,3
chb22,3
chb22,3
chb22,3
chb22,3
chb22,3
chb22,3
chb22,3
chb22,3
chb22,6
chb22,3
chb22,5
chb22,3
chb22,3
chb22,6
chb22,5
chb22,2
chb22,2
chb22,5
chb22,2
chb22,5
chb22,5
chb22,2
chb22,5
chb22,2
chb22,2
chb22,5
chb22,2
chb22,2
chb22,2
chb22,2
chb22,5
chb22,5
chb22,2
chb22,2
chb22,2
chb22,2
chb22,5
chb22,2
chb22,6
chb22,5
chb22,5
chb22,5
chb22,5
chb22,3
chb22,3
chb22,3
chb22,3
chb22,3
chb22,3
chb22,6
chb22,3
chb22,3
chb22,5
chb22,3
chb22,3
chb22,3
chb22,3
chb22,3
chb22,6
chb22,3
chb22,3
chb22,3
chb22,3
chb22,3
chb22,3
chb22,6
chb22,3
chb22,3
chb22,3
chb22,3
chb22,3
chb22,3
chb22,3
chb22,2
chb22,7
chb22,2
chb22,2
chb22,2
chb22,2
chb22,7
chb22,2
chb22,2
chb22,5
chb22,2
chb22,2
chb22,5
chb22,2
chb22,6
chb22,2
chb22,5
chb22,2
chb22,2
chb22,2
chb22,2
chb22,7
chb22,2
chb22,2
chb22,2
chb22,2
chb22,2
chb22,2
chb22,2
chb22,5
chb22,3
chb22,3
chb22,3
chb22,3
chb22,3
chb22,3
chb22,3
chb22,3
chb22,3
chb22,3
chb22,3
chb22,3
chb22,3
chb22,3
chb22,3
chb22,3
chb22,3
chb22,3
chb22,3
chb22,3
chb22,3
chb22,3
chb22,3
chb22,3
chb22,3
chb22,3
chb22,3
chb22,3
chb22,3
chb22,3
chb22,3
chb22,6
chb22,2
chb22,2
chb22,2
chb22,2
chb22,2
chb22,2
chb22,6
chb22,3
chb22,6
chb22,2
chb22,2
chb22,3
chb22,3
chb22,2
chb22,2
chb22,2
chb22,2
chb22,3
chb22,2
chb22,2
chb22,6
chb22,2
chb22,2
chb22,2
chb22,3
chb22,2
chb22,2
chb22,2
chb22,5
chb22,2
chb22,6
chb22,6
chb22,6
chb22,6
chb22,6
chb22,6
chb22,6
chb22,5
chb22,5
chb22,6
chb22,5
chb22,2
chb22,5
chb22,6
chb22,6
chb22,5
chb22,5
chb22,5
chb22,5
chb22,5
chb22,5
chb22,6
chb22,5
chb22,6
chb22,6
chb22,2
chb22,5
chb22,2
chb23,3
chb23,3
chb23,2
chb23,5
chb23,2
chb23,3
chb23,2
chb23,2
chb23,3
chb23,3
chb23,3
chb23,3
chb23,2
chb23,3
chb23,3
chb23,5
chb23,3
chb23,3
chb23,3
chb23,3
chb23,5
chb23,3
chb23,2
chb23,5
chb23,3
chb23,5
chb23,3
chb23,3
chb23,2
chb23,2
chb23,2
chb23,3
chb23,3
chb23,2
chb23,3
chb23,3
chb23,2
chb23,3
chb23,2
chb23,3
chb23,2
chb23,3
chb23,2
chb23,2
chb23,3
chb23,2
chb23,5
chb23,2
chb23,2
chb23,2
chb23,7
chb23,5
chb23,2
chb23,2
chb23,5
chb23,2
chb23,2
chb23,2
chb23,2
chb23,2
chb23,5
chb23,2
chb23,2
chb23,2
chb23,2
chb23,2
chb23,5
chb23,2
chb23,2
chb23,2
chb23,2
chb23,2
chb23,5
chb23,2
chb23,2
chb23,2
chb23,2
chb23,5
chb23,5
chb23,2
chb23,2
chb23,2
chb23,2
chb23,2
chb23,2
chb23,2
chb23,2
chb23,2
chb23,5
chb23,5
chb23,2
chb23,5
chb23,2
chb23,2
chb23,2
chb23,2
chb23,2
chb23,2
chb23,2
chb23,2
chb23,3
chb23,3
chb23,3
chb23,3
chb23,3
chb23,3
chb23,3
chb23,3
chb23,3
chb23,3
chb23,3
chb23,3
chb23,2
chb23,2
chb23,3
chb23,3
chb23,2
chb23,3
chb23,3
chb23,3
chb23,3
chb23,2
chb23,3
chb23,3
chb23,3
chb23,3
chb23,3
chb23,3
chb23,2
chb23,3
chb23,3
chb23,2
chb23,3
chb23,2
chb23,3
chb23,3
chb23,3
chb23,3
chb23,3
chb23,3
chb23,3
chb23,3
chb23,3
chb23,2
chb23,3
chb23,2
chb23,3
chb23,3
chb23,3
chb23,3
chb23,3
chb23,5
chb23,5
chb23,3
chb23,5
chb23,3
chb23,5
chb23,2
chb23,6
chb23,3
chb23,5
chb23,2
chb23,3
chb23,2
chb23,5
chb23,2
chb23,2
chb23,2
chb23,3
chb23,2
chb23,3
chb23,5
chb23,3
chb23,5
chb23,3
chb23,2
chb23,3
chb23,5
chb23,5
chb23,3
chb23,5
chb23,5
chb23,5
chb23,6
chb23,3
chb23,2
chb23,5
chb23,5
chb23,5
chb23,2
chb23,2
chb23,5
chb23,5
chb23,5
chb23,5
chb23,5
chb23,3
chb23,3
chb23,5
chb23,5
chb23,3
chb23,5
chb23,5
chb23,5
chb23,5
chb23,5
chb23,5
chb23,2
chb23,5
chb23,2
chb23,5
chb23,6
chb23,6
chb23,5
chb23,5
chb23,5
chb23,5
chb23,5
chb23,5
chb23,6
chb23,6
chb23,5
chb23,5
chb23,2
chb23,5
chb23,5
chb23,5
chb23,2
chb23,5
chb23,5
chb23,5
chb23,5
chb23,3
chb23,2
chb23,5
chb23,5
chb23,6
chb23,5
chb23,5
chb23,3
chb23,5
chb23,5
chb23,3
chb23,5
chb23,5
chb23,5
chb23,5
chb23,2
chb23,5
chb23,5
chb23,3
chb23,2
chb23,3
chb23,3
chb23,5
chb23,3
chb23,2
chb23,5
chb23,5
chb23,2
chb23,3
chb23,2
chb23,3
chb23,5
chb23,5
chb23,3
chb23,3
chb23,2
chb23,2
chb23,5
chb23,2
chb23,3
chb23,2
chb23,3
chb23,3
chb23,2
chb23,2
chb23,5
chb23,5
chb23,2
chb23,5
chb23,2
chb23,3
chb23,3
chb23,3
chb23,2
chb23,5
chb23,2
chb23,5
chb23,5
chb23,5
chb23,3
chb23,2
chb23,6
chb23,5
chb23,5
chb23,2
chb23,2
chb23,2
chb23,3
chb24,6
chb24,2
chb24,2
chb24,6
chb24,6
chb24,6
chb24,2
chb24,2
chb24,5
chb24,2
chb24,2
chb24,5
chb24,5
chb24,2
chb24,2
chb24,6
chb24,6
chb24,2
chb24,2
chb24,2
chb24,6
chb24,5
chb24,5
chb24,6
chb24,5
chb24,5
chb24,6
chb24,5
chb24,2
chb24,6
chb24,2
chb24,2
chb24,2
chb24,2
chb24,2
chb24,5
chb24,2
chb24,5
chb24,2
chb24,5
chb24,5
chb24,6
chb24,2
chb24,2
chb24,5
chb24,5
chb24,7
chb24,2
chb24,2
chb24,5
chb24,2
chb24,2
chb24,5
chb24,1
chb24,5
chb24,2
chb24,2
chb24,2
chb24,2
chb24,2
chb24,3
chb24,2
chb24,6
chb24,3
chb24,3
chb24,6
chb24,6
chb24,3
chb24,2
chb24,6
chb24,6
chb24,3
chb24,6
chb24,6
chb24,6
chb24,3
chb24,6
chb24,6
chb24,2
chb24,6
chb24,6
chb24,6
chb24,6
chb24,6
chb24,6
chb24,2
chb24,2
chb24,6
chb24,3
chb24,2
chb24,2
chb24,2
chb24,5
chb24,2
chb24,2
chb24,2
chb24,2
chb24,2
chb24,5
chb24,5
chb24,6
chb24,5
chb24,2
chb24,2
chb24,2
chb24,2
chb24,2
chb24,2
chb24,2
chb24,2
chb24,2
chb24,6
chb24,2
chb24,2
chb24,2
chb24,2
chb24,2
chb24,2
chb24,2
chb24,2
chb24,2
chb24,2
chb24,2
chb24,5
chb24,2
chb24,5
chb24,2
chb24,2
chb24,2
chb24,5
chb24,5
chb24,6
chb24,2
chb24,2
chb24,6
chb24,5
chb24,2
chb24,2
chb24,5
chb24,6
chb24,2
chb24,2
chb24,5
chb24,2
chb24,6
chb24,2
chb24,2
chb24,5
chb24,2
chb24,2
chb24,6
chb24,6
chb24,5
chb24,6
chb24,6
chb24,6
chb24,6
chb24,2
chb24,6
chb24,6
chb24,6
chb24,6
chb24,6
chb24,3
chb24,2
chb24,6
chb24,6
chb24,6
chb24,6
chb24,6
chb24,6
chb24,5
chb24,6
chb24,6
chb24,4
chb24,6
chb24,6
chb24,6
chb24,6
chb24,6
chb24,6
chb24,7
chb24,2
chb24,5
chb24,5
chb24,6
chb24,2
chb24,6
chb24,6
chb24,2
chb24,6
chb24,3
chb24,6
chb24,2
chb24,6
chb24,2
chb24,2
chb24,6
chb24,2
chb24,2
chb24,6
chb24,6
chb24,6
chb24,2
chb24,2
chb24,6
chb24,6
chb24,2
chb24,2
chb24,5
chb24,5
chb24,2
chb24,2
chb24,2
chb24,2
chb24,2
chb24,5
chb24,2
chb24,7
chb24,2
chb24,2
chb24,2
chb24,2
chb24,6
chb24,2
chb24,2
chb24,5
chb24,2
chb24,2
chb24,2
chb24,2
chb24,5
chb24,5
chb24,5
chb24,2
chb24,2
chb24,7
chb24,2
chb24,5
chb24,5
chb24,3
chb24,5
chb24,6
chb24,6
chb24,3
chb24,6
chb24,3
chb24,3
chb24,3
chb24,3
chb24,2
chb24,3
chb24,2
chb24,6
chb24,3
chb24,3
chb24,2
chb24,2
chb24,6
chb24,3
chb24,2
chb24,2
chb24,3
chb24,2
chb24,3
chb24,6
chb24,3
chb24,2
chb24,2
chb24,2
chb24,6
chb24,6
chb24,2
chb24,5
chb24,6
chb24,6
chb24,6
chb24,6
chb24,6
chb24,6
chb24,6
chb24,6
chb24,2
chb24,6
chb24,6
chb24,6
chb24,6
chb24,6
chb24,6
chb24,6
chb24,6
chb24,6
chb24,6
chb24,6
chb24,6
chb24,6
chb24,6
chb24,6
chb24,6
chb24,6
