patient,record,event_start,event_end,detected,latency_s,threshold,k,k_feat
chb01,chb01_03,2996,3036,1,14,0,3,60
chb01,chb01_04,1467,1494,1,10.5,0,3,80
chb01,chb01_15,1732,1772,1,48,0,3,60
chb01,chb01_16,1015,1066,1,-2.5,0,3,60
chb01,chb01_18,1720,1810,1,10,0,3,40
chb01,chb01_21,327,420,1,18,0,3,20
chb01,chb01_26,1862,1963,1,43,0,3,40
chb02,chb02_16+,2972,3053,1,43,0,3,40
chb02,chb02_16,130,212,1,35,0,3,100
chb02,chb02_19,3369,3378,0,,0,3,100
chb03,chb03_01,362,414,1,10.5,0,3,100
chb03,chb03_02,731,796,1,9,0,3,80
chb03,chb03_03,432,501,1,58,0,3,60
chb03,chb03_04,2162,2214,1,33,0,3,20
chb03,chb03_34,1982,2029,0,,0,3,40
chb03,chb03_35,2592,2656,1,58,0,3,40
chb03,chb03_36,1725,1778,0,,0,3,40
chb04,chb04_05,7804,7853,1,21,0,3,20
chb04,chb04_08,6446,6557,1,31.5,0,3,20
chb04,chb04_28,1679,1781,1,86,0,3,60
chb04,chb04_28,3782,3898,1,-2,0,3,60
chb05,chb05_06,417,532,1,18,0,3,100
chb05,chb05_13,1086,1196,1,11.5,0,3,40
chb05,chb05_16,2317,2413,1,20.5,0,3,60
chb05,chb05_17,2451,2571,1,19,0,3,60
chb05,chb05_22,2348,2465,1,12,0,3,40
chb06,chb06_01,1724,1738,1,16,0,3,60
chb06,chb06_01,7461,7476,1,16.5,0,3,60
chb06,chb06_01,13525,13540,0,,0,3,60
chb06,chb06_04,327,347,0,,0,3,80
chb06,chb06_04,6211,6231,0,,0,3,80
chb06,chb06_09,12500,12516,1,15,0,3,100
chb06,chb06_10,10833,10845,0,,0,3,100
chb06,chb06_13,506,519,1,11.5,0,3,80
chb06,chb06_18,7799,7811,0,,0,3,100
chb06,chb06_24,9387,9403,0,,0,3,80
chb07,chb07_12,4920,5006,1,17.5,0,3,100
chb07,chb07_13,3285,3381,1,10,0,3,100
chb07,chb07_19,13688,13831,0,,0,3,20
chb08,chb08_02,2670,2841,1,45,0,3,100
chb08,chb08_05,2856,3046,1,19,0,3,100
chb08,chb08_11,2988,3122,1,24.5,0,3,100
chb08,chb08_13,2417,2577,1,25.5,0,3,100
chb08,chb08_21,2083,2347,1,34.5,0,3,100
chb09,chb09_06,12231,12295,1,24,0,3,100
chb09,chb09_08,2951,3030,1,34,0,3,40
chb09,chb09_08,9196,9267,1,16.5,0,3,40
chb09,chb09_19,5299,5361,0,,0,3,100
chb10,chb10_12,6313,6348,1,12,0,3,80
chb10,chb10_20,6888,6958,1,22,0,3,60
chb10,chb10_27,2382,2447,1,15.5,0,3,100
chb10,chb10_30,3021,3079,0,,0,3,60
chb10,chb10_31,3801,3877,1,11.5,0,3,60
chb10,chb10_38,4618,4707,1,19.5,0,3,100
chb10,chb10_89,1383,1437,1,32,0,3,100
chb11,chb11_82,298,320,1,-23,0,3,100
chb11,chb11_92,2695,2727,1,2.5,0,3,20
chb11,chb11_99,1454,2206,1,1,0,3,60
chb12,chb12_06,1665,1726,1,12.5,0,3,80
chb12,chb12_06,3415,3447,1,15,0,3,80
chb12,chb12_08,1426,1439,1,11.5,0,3,80
chb12,chb12_08,1591,1614,1,24,0,3,80
chb12,chb12_08,1957,1977,1,15.5,0,3,80
chb12,chb12_08,2798,2824,0,,0,3,80
chb12,chb12_09,3082,3114,1,15.5,0,3,100
chb12,chb12_09,3503,3535,1,12,0,3,100
chb12,chb12_10,593,625,1,17,0,3,60
chb12,chb12_10,811,856,1,21.5,0,3,60
chb12,chb12_11,1085,1122,1,25,0,3,80
chb12,chb12_23,253,333,1,32,0,3,80
chb12,chb12_23,425,522,1,12.5,0,3,80
chb12,chb12_23,630,670,0,,0,3,80
chb12,chb12_33,2185,2206,1,15,0,3,100
chb12,chb12_33,2427,2450,1,18,0,3,100
chb12,chb12_36,653,680,1,22,0,3,100
chb12,chb12_38,1548,1573,1,32,0,3,100
chb12,chb12_38,2798,2821,0,,0,3,100
chb12,chb12_38,2966,3009,1,11.5,0,3,100
chb12,chb12_38,3146,3201,1,9,0,3,100
chb12,chb12_38,3364,3410,0,,0,3,100
chb12,chb12_42,699,750,1,18.5,0,3,80
chb12,chb12_42,945,973,1,15,0,3,80
chb12,chb12_42,1170,1199,0,,0,3,80
chb12,chb12_42,1676,1701,1,24,0,3,80
chb12,chb12_42,2213,2236,1,14.5,0,3,80
chb13,chb13_19,2077,2121,0,,0,3,100
chb13,chb13_21,934,1004,0,,0,3,100
chb13,chb13_40,142,173,0,,0,3,100
chb13,chb13_40,530,594,0,,0,3,100
chb13,chb13_55,458,478,0,,0,3,100
chb13,chb13_55,2436,2454,1,61.5,0,3,100
chb13,chb13_58,2474,2491,0,,0,3,60
chb13,chb13_59,3339,3401,1,58.5,0,3,80
chb13,chb13_60,638,660,1,4.5,0,3,100
chb13,chb13_62,851,916,1,39,0,3,100
chb13,chb13_62,1626,1691,0,,0,3,100
chb13,chb13_62,2664,2721,1,91,0,3,100
chb14,chb14_03,1986,2000,1,14,0,3,100
chb14,chb14_04,1372,1392,1,10.5,0,3,100
chb14,chb14_04,2817,2839,0,,0,3,100
chb14,chb14_06,1911,1925,1,29,0,3,100
chb14,chb14_11,1838,1879,0,,0,3,40
chb14,chb14_17,3239,3259,0,,0,3,80
chb14,chb14_18,1039,1061,0,,0,3,40
chb14,chb14_27,2833,2849,0,,0,3,100
chb15,chb15_06,272,397,1,5.5,0,3,100
chb15,chb15_10,1082,1113,0,,0,3,40
chb15,chb15_15,1591,1748,1,1.5,0,3,100
chb15,chb15_17,1925,1960,0,,0,3,40
chb15,chb15_20,607,662,0,,0,3,80
chb15,chb15_22,760,965,1,-15,0,3,80
chb15,chb15_28,876,1066,1,14,0,3,60
chb15,chb15_31,1751,1871,1,31.5,0,3,100
chb15,chb15_40,834,894,1,-19,0,3,40
chb15,chb15_40,2378,2497,1,-5.5,0,3,40
chb15,chb15_40,3362,3425,1,18,0,3,40
chb15,chb15_46,3322,3429,1,15.5,0,3,100
chb15,chb15_49,1108,1248,1,52,0,3,100
chb15,chb15_52,778,849,1,29.5,0,3,100
chb15,chb15_54,263,318,1,7,0,3,100
chb15,chb15_54,843,1020,1,32,0,3,100
chb15,chb15_54,1524,1595,1,3.5,0,3,100
chb15,chb15_54,2179,2250,1,18.5,0,3,100
chb15,chb15_54,3428,3460,1,-18,0,3,100
chb15,chb15_62,751,859,1,24,0,3,100
chb16,chb16_10,2290,2299,0,,0,3,20
chb16,chb16_11,1120,1129,0,,0,3,80
chb16,chb16_14,1854,1868,0,,0,3,20
chb16,chb16_16,1214,1220,0,,0,3,20
chb16,chb16_17,3290,3298,0,,0,3,20
chb16,chb16_17,1694,1700,0,,0,3,20
chb16,chb16_17,227,236,0,,0,3,20
chb16,chb16_17,2162,2170,0,,0,3,20
chb16,chb16_18,1909,1916,0,,0,3,40
chb16,chb16_18,627,635,0,,0,3,40
chb17,chb17a_03,2282,2372,1,35.5,0,3,60
chb17,chb17a_04,3025,3140,0,,0,3,60
chb17,chb17b_63,3136,3224,1,44,0,3,40
chb18,chb18_29,3477,3527,0,,0,3,40
chb18,chb18_30,541,571,0,,0,3,20
chb18,chb18_31,2087,2155,1,23,0,3,80
chb18,chb18_32,1908,1963,1,9.5,0,3,80
chb18,chb18_35,2196,2264,1,39,0,3,40
chb18,chb18_36,463,509,1,17,0,3,40
chb19,chb19_28,299,377,1,16,0,3,40
chb19,chb19_29,2964,3041,1,36,0,3,20
chb19,chb19_30,3159,3240,1,48.5,0,3,20
chb20,chb20_12,94,123,1,28.5,0,3,100
chb20,chb20_13,2498,2537,1,9.5,0,3,80
chb20,chb20_13,1440,1470,1,12.5,0,3,80
chb20,chb20_14,1971,2009,1,-18.5,0,3,100
chb20,chb20_15,1689,1738,1,41,0,3,20
chb20,chb20_15,390,425,1,37.5,0,3,20
chb20,chb20_16,2226,2261,1,39,0,3,80
chb20,chb20_68,1393,1432,0,,0,3,60
chb21,chb21_19,1288,1344,1,29.5,0,3,40
chb21,chb21_20,2627,2677,1,18,0,3,100
chb21,chb21_21,2003,2084,1,4.5,0,3,100
chb21,chb21_22,2553,2565,1,12,0,3,80
chb22,chb22_20,3367,3425,1,13,0,3,20
chb22,chb22_25,3139,3213,1,38.5,0,3,40
chb22,chb22_38,1263,1335,1,17,0,3,20
chb23,chb23_06,3962,4075,1,18,0,3,40
chb23,chb23_08,325,345,1,7.5,0,3,40
chb23,chb23_08,5104,5151,1,16,0,3,40
chb23,chb23_09,9580,9664,1,17.5,0,3,40
chb23,chb23_09,8505,8532,1,32.5,0,3,40
chb23,chb23_09,2589,2660,1,16,0,3,40
chb23,chb23_09,6885,6947,1,20,0,3,40
chb24,chb24_01,480,505,1,10,0,3,80
chb24,chb24_03,231,260,1,11.5,0,3,100
chb24,chb24_04,1088,1120,1,17,0,3,100
chb24,chb24_06,1229,1253,1,11,0,3,80
chb24,chb24_07,38,60,1,9.5,0,3,40
chb24,chb24_09,1745,1764,1,10,0,3,60
chb24,chb24_11,3527,3597,1,68,0,3,80
chb24,chb24_13,3288,3304,0,,0,3,100
chb24,chb24_14,1939,1966,1,16,0,3,100
chb24,chb24_15,3552,3569,1,10.5,0,3,100
chb24,chb24_17,3515,3581,1,15,0,3,80
chb24,chb24_21,2804,2872,0,,0,3,100
