C,gamma,k_feat,patient,total_length_hours,TP,FP,FN,sensitivity,precision,f1,sample_TP,sample_FP,sample_FN,sample_sensitivity,sample_precision,sample_f1,FP/day,FP/hour,latency_median,n_detected,mean_fold_roc_auc,mean_fold_ap,sens_k2,f1_k2,fpday_k2,sens_k3,f1_k3,fpday_k3,sens_k4,f1_k4,fpday_k4
1,0.001,100,chb01,6.645833333333333,7,8,0,1.0,0.4666666666666667,0.6363636363636364,384,360,58,0.8687782805429864,0.5161290322580645,0.6475548060708264,28.890282131661444,1.2037617554858937,14.0,7,0.9599878036449075,0.7190343672288628,1.0,0.6086956521739131,32.50156739811912,1.0,0.6363636363636364,28.890282131661444,1.0,0.7368421052631579,18.056426332288403
1,0.001,100,chb02,2.265972222222222,1,9,2,0.3333333333333333,0.1,0.1538461538461538,0,306,172,0.0,0.0,0.0,95.32332209623046,3.971805087342936,-21.5,1,0.7220212683606534,0.0726424601550326,0.3333333333333333,0.1111111111111111,148.28072326080294,0.3333333333333333,0.1538461538461538,95.32332209623046,0.3333333333333333,0.2,63.54888139748697
1,0.001,100,chb03,7.0,6,11,1,0.8571428571428571,0.3529411764705882,0.5,183,203,219,0.4552238805970149,0.4740932642487047,0.4644670050761421,37.71428571428572,1.5714285714285714,21.75,6,0.9442972740417116,0.3785134351316261,1.0,0.4666666666666667,54.85714285714285,0.8571428571428571,0.5,37.71428571428572,0.5714285714285714,0.5333333333333333,13.714285714285714
1,0.001,100,chb04,10.654861111111112,3,36,1,0.75,0.0769230769230769,0.1395348837209302,125,812,253,0.3306878306878307,0.1334044823906083,0.1901140684410646,81.08974776771167,3.3787394903213195,19.0,3,0.8705224175399086,0.220084757081019,0.75,0.09375,128.39210063221014,0.75,0.1395348837209302,81.08974776771167,0.5,0.1538461538461538,45.049859870950925
1,0.001,100,chb05,5.0,5,3,0,1.0,0.625,0.7692307692307693,426,93,132,0.7634408602150538,0.8208092485549133,0.7910863509749303,14.4,0.6,16.5,5,0.9624487991643031,0.7082751612881829,1.0,0.4761904761904761,52.8,1.0,0.7692307692307693,14.4,1.0,0.8333333333333333,9.6
1,0.001,100,chb06,25.89236111111111,1,8,9,0.1,0.1111111111111111,0.1052631578947368,0,139,153,0.0,0.0,0.0,7.415314469625856,0.3089714362344106,66.0,1,0.8302029238572389,0.1329780120411587,0.4,0.2424242424242424,17.611371865361406,0.1,0.1052631578947368,7.415314469625856,0.1,0.1818181818181818,0.0
1,0.001,100,chb07,10.365277777777775,2,23,1,0.6666666666666666,0.08,0.1428571428571428,112,455,213,0.3446153846153846,0.1975308641975308,0.2511210762331839,53.25472330162133,2.218946804234222,13.75,2,0.8989632648601825,0.3423861812283588,0.6666666666666666,0.1,81.0397963285542,0.6666666666666666,0.1428571428571428,53.25472330162133,0.6666666666666666,0.2666666666666666,23.15422752244406
1,0.001,100,chb08,5.0,5,13,0,1.0,0.2777777777777778,0.4347826086956522,664,518,255,0.7225244831338411,0.5617597292724196,0.6320799619228938,62.4,2.6,22.0,5,0.94435205393873,0.6490353640152334,1.0,0.3703703703703703,81.6,1.0,0.4347826086956522,62.4,1.0,0.5,48.0
1,0.001,100,chb09,9.582638888888887,4,6,0,1.0,0.4,0.5714285714285715,215,186,61,0.7789855072463768,0.5361596009975063,0.6351550960118169,15.027175882310312,0.6261323284295963,21.5,4,0.9617395294449024,0.6439016118395692,1.0,0.3809523809523809,32.55888107833901,1.0,0.5714285714285715,15.027175882310312,1.0,0.7272727272727273,7.513587941155156
1,0.001,100,chb10,14.016666666666667,6,13,1,0.8571428571428571,0.3157894736842105,0.4615384615384615,282,261,165,0.6308724832214765,0.5193370165745856,0.5696969696969697,22.259215219976216,0.9274673008323424,13.5,6,0.955768838221248,0.5115088789105293,0.8571428571428571,0.3076923076923076,44.51843043995243,0.8571428571428571,0.4615384615384615,22.259215219976216,0.7142857142857143,0.5555555555555556,10.273483947681331
1,0.001,100,chb11,2.79375,5,3,0,1.0,0.625,0.7692307692307693,180,102,626,0.2233250620347394,0.6382978723404256,0.3308823529411765,25.77181208053691,1.0738255033557047,1.0,3,0.918555981371901,0.5249153895854242,1.0,0.625,51.54362416107382,1.0,0.7692307692307693,25.77181208053691,0.8,0.7272727272727272,17.181208053691275
1,0.001,100,chb12,9.681944444444444,20,14,7,0.7407407407407407,0.5882352941176471,0.6557377049180328,417,519,572,0.4216380182002022,0.4455128205128205,0.4332467532467532,34.703772772916366,1.4459905322048483,20.5,20,0.8370697753280656,0.3508281879477196,0.925925925925926,0.6944444444444444,49.57681824702338,0.7407407407407407,0.6557377049180328,34.703772772916366,0.6666666666666666,0.6428571428571429,27.26725003586286
1,0.001,100,chb13,8.0,0,1,12,0.0,0.0,0.0,0,15,535,0.0,0.0,0.0,3.0,0.125,,0,0.6717011279354663,0.0478417162095756,0.0833333333333333,0.1111111111111111,15.0,0.0,0.0,3.0,0.0,0.0,0.0
1,0.001,100,chb14,7.0,2,6,6,0.25,0.25,0.25,29,120,140,0.1715976331360946,0.1946308724832214,0.1823899371069182,20.57142857142857,0.8571428571428571,12.0,2,0.944441981046612,0.2610601238581295,0.625,0.4166666666666667,37.71428571428572,0.25,0.25,20.57142857142857,0.25,0.2857142857142857,13.714285714285714
1,0.001,100,chb15,14.009027777777778,15,34,5,0.75,0.3061224489795918,0.4347826086956521,1097,1078,895,0.5507028112449799,0.504367816091954,0.5265178785697143,58.2481534724632,2.4270063946859666,15.5,15,0.9071921198367072,0.4607325228460237,0.8,0.3232323232323232,107.93040202250532,0.75,0.4347826086956521,58.2481534724632,0.75,0.5454545454545454,34.26361968968423
1,0.001,100,chb16,6.0,0,8,10,0.0,0.0,0.0,0,146,84,0.0,0.0,0.0,32.0,1.3333333333333333,,0,0.73032991638138,0.0325540383791497,0.0,0.0,40.0,0.0,0.0,32.0,0.0,0.0,16.0
1,0.001,100,chb17,3.00625,2,8,1,0.6666666666666666,0.2,0.3076923076923076,105,223,188,0.3583617747440273,0.3201219512195122,0.3381642512077294,63.86694386694386,2.661122661122661,32.25,2,0.8800966932134374,0.3410011644002038,1.0,0.3333333333333333,95.8004158004158,0.6666666666666666,0.3076923076923076,63.86694386694386,0.6666666666666666,0.4444444444444444,31.93347193347193
1,0.001,100,chb18,5.63125,4,8,2,0.6666666666666666,0.3333333333333333,0.4444444444444444,159,222,158,0.501577287066246,0.4173228346456692,0.4555873925501433,34.095449500554935,1.420643729189789,20.0,4,0.8391795825384225,0.4120131105253196,0.6666666666666666,0.4,42.61931187569367,0.6666666666666666,0.4444444444444444,34.095449500554935,0.6666666666666666,0.5333333333333333,21.309655937846838
1,0.001,100,chb19,2.928472222222222,3,14,0,1.0,0.1764705882352941,0.3,153,572,83,0.6483050847457628,0.2110344827586207,0.3184183142559833,114.7355940241878,4.780649751007825,18.5,3,0.8823963950466496,0.2996826974984577,1.0,0.2608695652173913,139.32179274365663,1.0,0.3,114.7355940241878,1.0,0.375,81.95399573156273
1,0.001,100,chb20,5.564583333333333,8,7,0,1.0,0.5333333333333333,0.6956521739130436,188,480,106,0.6394557823129252,0.281437125748503,0.3908523908523909,30.190939722950205,1.257955821789592,18.0,8,0.9732234540524592,0.4572006504649661,1.0,0.6956521739130436,30.190939722950205,1.0,0.6956521739130436,30.190939722950205,0.875,0.6363636363636364,30.190939722950205
1,0.001,100,chb21,3.830555555555556,3,0,1,0.75,1.0,0.8571428571428571,131,29,68,0.6582914572864321,0.81875,0.7298050139275766,0.0,0.0,7.0,3,0.9794987640280568,0.720190526081771,1.0,1.0,0.0,0.75,0.8571428571428571,0.0,0.75,0.8571428571428571,0.0
1,0.001,100,chb22,3.0,3,0,0,1.0,1.0,1.0,169,14,35,0.8284313725490197,0.9234972677595628,0.8733850129198967,0.0,0.0,17.0,3,0.9833743516109212,0.8485458240259565,1.0,0.8571428571428571,8.0,1.0,1.0,0.0,1.0,1.0,0.0
1,0.001,100,chb23,8.958333333333334,6,3,1,0.8571428571428571,0.6666666666666666,0.75,274,144,150,0.6462264150943396,0.6555023923444976,0.6508313539192399,8.03720930232558,0.3348837209302325,17.0,6,0.985097021099956,0.7045288916318033,1.0,0.6086956521739131,24.111627906976743,0.8571428571428571,0.75,8.03720930232558,0.7142857142857143,0.7142857142857143,5.358139534883721
1,0.001,100,chb24,12.0,9,14,3,0.75,0.391304347826087,0.5142857142857143,172,311,243,0.4144578313253012,0.3561076604554865,0.3830734966592427,28.0,1.1666666666666667,14.5,9,0.906580644066866,0.5042357313306489,0.75,0.4864864864864865,32.0,0.75,0.5142857142857143,28.0,0.75,0.5806451612903226,20.0
