C,gamma,k_feat,patient,record,n_windows,n_seizure_windows,record_length,threshold,k,roc_auc,ap,seg_accuracy,seg_specificity,seg_sensitivity,seg_precision,seg_f1,tp,fp,fn
1,0.001,100,chb09,chb09_06,5756,26,14397.5,0.0,3,0.915142972211035,0.5575400989832867,0.960562890896456,0.9614310645724258,0.7692307692307693,0.0829875518672199,0.1498127340823969,20,221,6
1,0.001,100,chb09,chb09_08,5757,60,14400.0,0.0,3,0.976206775495875,0.6706945555410462,0.9869723814486712,0.9887660172020362,0.8166666666666667,0.4336283185840708,0.5664739884393063,49,64,11
1,0.001,100,chb09,chb09_19,2277,25,5700.0,0.0,3,0.8878507992895204,0.1925698796525548,0.9683794466403162,0.9751332149200712,0.36,0.1384615384615384,0.2,9,56,16
1,0.001,100,chb16,chb16_10,1437,4,3600.0,0.0,3,0.6760293091416608,0.0054422375689307,0.9596381350034796,0.9623168178646196,0.0,0.0,,0,54,4
1,0.001,100,chb16,chb16_11,1437,4,3600.0,0.0,3,0.952721563154222,0.0451313708455849,0.9505915100904664,0.9518492672714584,0.5,0.028169014084507,0.0533333333333333,2,69,2
1,0.001,100,chb16,chb16_14,1437,6,3600.0,0.0,3,0.3181924062427207,0.0033554874274691,0.8803061934585943,0.8839972047519218,0.0,0.0,,0,166,6
1,0.001,100,chb16,chb16_16,1437,3,3600.0,0.0,3,0.8333333333333334,0.008222910694976,0.965205288796103,0.9672245467224548,0.0,0.0,,0,47,3
1,0.001,100,chb16,chb16_17,1437,15,3600.0,0.0,3,0.6705578996718238,0.0979458897568894,0.9853862212943632,0.9950773558368496,0.0666666666666666,0.125,0.0869565217391304,1,7,14
1,0.001,100,chb16,chb16_18,1437,7,3600.0,0.0,3,0.8848151848151848,0.0514737770670953,0.9338900487125956,0.9363636363636364,0.4285714285714285,0.0319148936170212,0.0594059405940594,3,91,4
1,0.001,100,chb20,chb20_12,1437,12,3600.0,0.0,3,0.9906432748538012,0.5531053860322154,0.964509394572025,0.9649122807017544,0.9166666666666666,0.180327868852459,0.3013698630136986,11,50,1
1,0.001,100,chb20,chb20_13,1437,28,3600.0,0.0,3,0.989607624455034,0.6260545544636416,0.977731384829506,0.979418026969482,0.8928571428571429,0.4629629629629629,0.6097560975609756,25,29,3
1,0.001,100,chb20,chb20_14,1437,15,3600.0,0.0,3,0.9870604781997186,0.3635741684623229,0.977035490605428,0.978902953586498,0.8,0.2857142857142857,0.4210526315789473,12,30,3
1,0.001,100,chb20,chb20_15,1437,35,3600.0,0.0,3,0.9837375178316692,0.8724076579032647,0.988169798190675,0.9950071326676176,0.7142857142857143,0.78125,0.7462686567164178,25,7,10
1,0.001,100,chb20,chb20_16,1384,14,3467.5,0.0,3,0.9505213764337852,0.141902783821478,0.8865606936416185,0.8861313868613139,0.9285714285714286,0.0769230769230769,0.1420765027322404,13,156,1
1,0.001,100,chb20,chb20_68,863,15,2165.0,0.0,3,0.9686320754716982,0.2280748208574605,0.9524913093858632,0.956367924528302,0.7333333333333333,0.2291666666666666,0.3492063492063492,11,37,4
1,0.001,100,chb10,chb10_12,2877,14,7200.0,0.0,3,0.973479367297041,0.2508235696926512,0.9551616266944736,0.9559902200488998,0.7857142857142857,0.0802919708029197,0.1456953642384106,11,126,3
1,0.001,100,chb10,chb10_20,2881,28,7210.0,0.0,3,0.8341970857743729,0.1947477710699782,0.91253037139882,0.9165790396074308,0.5,0.0555555555555555,0.0999999999999999,14,238,14
1,0.001,100,chb10,chb10_27,2884,26,7217.5,0.0,3,0.9885880389729236,0.7022471634256977,0.9791955617198336,0.9800559832050384,0.8846153846153846,0.2875,0.4339622641509433,23,57,3
1,0.001,100,chb10,chb10_30,2882,23,7212.5,0.0,3,0.9844123059141991,0.6021008622161824,0.9944482997918112,0.9989506820566632,0.4347826086956521,0.7692307692307693,0.5555555555555555,10,3,13
1,0.001,100,chb10,chb10_31,2885,30,7220.0,0.0,3,0.998984238178634,0.9060307114549684,0.9771230502599654,0.9768826619964974,1.0,0.3125,0.4761904761904761,30,66,0
1,0.001,100,chb10,chb10_38,2877,35,7200.0,0.0,3,0.936805066854328,0.4481336895480463,0.94612443517553,0.949683321604504,0.6571428571428571,0.1385542168674698,0.2288557213930348,23,143,12
1,0.001,100,chb10,chb10_89,2877,21,7200.0,0.0,3,0.8637621715352808,0.1605354470473533,0.964893986791797,0.9695378151260504,0.3333333333333333,0.0744680851063829,0.1217391304347826,7,87,14
1,0.001,100,chb13,chb13_19,1437,18,3600.0,0.0,3,0.5601362461827578,0.0255518832162964,0.8977035490605428,0.9041578576462296,0.3888888888888889,0.0489510489510489,0.0869565217391304,7,136,11
1,0.001,100,chb13,chb13_21,1437,28,3600.0,0.0,3,0.7826472675656494,0.1738213156585426,0.8629088378566457,0.8715400993612491,0.4285714285714285,0.0621761658031088,0.1085972850678732,12,181,16
1,0.001,100,chb13,chb13_40,1437,39,3600.0,0.0,3,0.5350684127508162,0.0297877050254348,0.908141962421712,0.9320457796852648,0.0512820512820512,0.0206185567010309,0.0294117647058823,2,95,37
1,0.001,100,chb13,chb13_55,1437,15,3600.0,0.0,3,0.5983122362869199,0.0167177739358891,0.8935281837160751,0.90084388185654,0.2,0.0208333333333333,0.0377358490566037,3,141,12
1,0.001,100,chb13,chb13_58,1437,7,3600.0,0.0,3,0.8591408591408591,0.0183903540132225,0.7160751565762005,0.7146853146853147,1.0,0.016867469879518,0.0331753554502369,7,408,0
1,0.001,100,chb13,chb13_59,1437,25,3600.0,0.0,3,0.6817563739376771,0.0384013880904643,0.8914405010438413,0.9029745042492918,0.24,0.0419580419580419,0.0714285714285714,6,137,19
1,0.001,100,chb13,chb13_60,1437,9,3600.0,0.0,3,0.748755057578587,0.0872252790824409,0.6116910229645094,0.6113445378151261,0.6666666666666666,0.0106951871657754,0.0210526315789473,6,555,3
1,0.001,100,chb13,chb13_62,1437,75,3600.0,0.0,3,0.5161429270680372,0.0618097981502328,0.8281141266527487,0.8634361233480177,0.1866666666666666,0.07,0.1018181818181818,14,186,61
1,0.001,100,chb08,chb08_02,1437,69,3600.0,0.0,3,0.9713852868887194,0.6787111390270604,0.9366736256089074,0.939327485380117,0.8840579710144928,0.4236111111111111,0.5727699530516432,61,83,8
1,0.001,100,chb08,chb08_05,1437,76,3600.0,0.0,3,0.9498433814145946,0.6379741684693572,0.8044537230340988,0.7957384276267451,0.9605263157894736,0.2079772079772079,0.3419203747072599,73,278,3
1,0.001,100,chb08,chb08_11,1437,53,3600.0,0.0,3,0.9625504417057476,0.6882782134299265,0.9443284620737648,0.9508670520231214,0.7735849056603774,0.3761467889908257,0.5061728395061729,41,68,12
1,0.001,100,chb08,chb08_13,1437,64,3600.0,0.0,3,0.9604652221412964,0.626985776577923,0.8997912317327766,0.9016751638747268,0.859375,0.2894736842105263,0.4330708661417323,55,135,9
1,0.001,100,chb08,chb08_21,1437,105,3600.0,0.0,3,0.8466466466466466,0.4792408805686163,0.9130132219902576,0.9496996996996996,0.4476190476190476,0.4122807017543859,0.4292237442922375,47,67,58
1,0.001,100,chb21,chb21_19,1437,22,3600.0,0.0,3,0.9815290716350786,0.8692895249190813,0.9937369519832986,0.9957597173144876,0.8636363636363636,0.76,0.8085106382978724,19,6,3
1,0.001,100,chb21,chb21_20,1193,20,2990.0,0.0,3,0.945993179880648,0.4911365958483557,0.9731768650461022,0.9812446717817562,0.5,0.3125,0.3846153846153846,10,22,10
1,0.001,100,chb21,chb21_21,1437,32,3600.0,0.0,3,0.9693950177935944,0.5620263277102889,0.977731384829506,0.9850533807829182,0.65625,0.5,0.5675675675675675,21,21,11
1,0.001,100,chb21,chb21_22,1437,5,3600.0,0.0,3,0.9959497206703912,0.5133689839572193,0.988169798190675,0.9881284916201116,1.0,0.2272727272727272,0.3703703703703703,5,17,0
1,0.001,100,chb04,chb04_05,3811,20,9535.0,0.0,3,0.964059614877341,0.2655112959707064,0.962477040146943,0.9635979952519124,0.75,0.0980392156862745,0.1734104046242774,15,138,5
1,0.001,100,chb04,chb04_08,5757,44,14400.0,0.0,3,0.9297495345543656,0.2888070778321392,0.699843668577384,0.6977069840714161,0.9772727272727272,0.0242937853107344,0.0474090407938257,43,1727,1
1,0.001,100,chb04,chb04_28,5766,88,14422.5,0.0,3,0.7859761759902655,0.0493522866414832,0.9614984391259104,0.9742867206762944,0.1363636363636363,0.0759493670886076,0.097560975609756,12,146,76
1,0.001,100,chb24,chb24_01,1437,11,3600.0,0.0,3,0.9905648348846104,0.3120152571246962,0.9791231732776616,0.9803646563814866,0.8181818181818182,0.2432432432432432,0.375,9,28,2
1,0.001,100,chb24,chb24_03,1437,12,3600.0,0.0,3,0.976783625730994,0.4723817543753457,0.9248434237995824,0.9242105263157896,1.0,0.1,0.1818181818181818,12,108,0
1,0.001,100,chb24,chb24_04,1437,13,3600.0,0.0,3,0.916162489196197,0.099999529172648,0.9102296450939458,0.9129213483146068,0.6153846153846154,0.0606060606060606,0.1103448275862069,8,124,5
1,0.001,100,chb24,chb24_06,1437,10,3600.0,0.0,3,0.964260686755431,0.4469375280328019,0.988865692414753,0.9929922915206728,0.4,0.2857142857142857,0.3333333333333333,4,10,6
1,0.001,100,chb24,chb24_07,1437,9,3600.0,0.0,3,0.7009803921568627,0.0202832260540243,0.9039665970772442,0.907563025210084,0.3333333333333333,0.0222222222222222,0.0416666666666666,3,132,6
1,0.001,100,chb24,chb24_09,1437,8,3600.0,0.0,3,0.9922148355493352,0.4144199346405229,0.9798190675017396,0.980405878236529,0.875,0.2,0.3255813953488372,7,28,1
1,0.001,100,chb24,chb24_11,1437,28,3600.0,0.0,3,0.6099310554597992,0.1172900156909549,0.974947807933194,0.9900638750887154,0.2142857142857142,0.3,0.25,6,14,22
1,0.001,100,chb24,chb24_13,1437,6,3600.0,0.0,3,0.9574889354763568,0.3169823484949535,0.988865692414753,0.9909154437456325,0.5,0.1875,0.2727272727272727,3,13,3
1,0.001,100,chb24,chb24_14,1437,11,3600.0,0.0,3,0.8717327553232181,0.0911430129548874,0.9526791927627,0.9544179523141656,0.7272727272727273,0.1095890410958904,0.1904761904761904,8,65,3
1,0.001,100,chb24,chb24_15,1437,7,3600.0,0.0,3,0.9833166833166832,0.2958496553775971,0.9902574808629088,0.9916083916083916,0.7142857142857143,0.2941176470588235,0.4166666666666667,5,12,2
1,0.001,100,chb24,chb24_17,1437,27,3600.0,0.0,3,0.8342001576044129,0.1761787657242156,0.975643702157272,0.9921985815602836,0.1111111111111111,0.2142857142857142,0.1463414634146341,3,11,24
1,0.001,100,chb24,chb24_21,1437,27,3600.0,0.0,3,0.9109535066981876,0.2569915998258936,0.9812108559498957,0.99645390070922,0.1851851851851851,0.5,0.2702702702702703,5,5,22
1,0.001,100,chb01,chb01_03,1437,16,3600.0,0.0,3,0.984737860661506,0.3976516858123202,0.9791231732776616,0.979591836734694,0.9375,0.3409090909090909,0.5,15,29,1
1,0.001,100,chb01,chb01_04,1437,11,3600.0,0.0,3,0.99732245314293,0.7091739686705362,0.9582463465553236,0.9579242636746144,1.0,0.1549295774647887,0.2682926829268292,11,60,0
1,0.001,100,chb01,chb01_15,1437,16,3600.0,0.0,3,0.7997888810696693,0.0574185220263488,0.9471120389700766,0.955665024630542,0.1875,0.0454545454545454,0.073170731707317,3,63,13
1,0.001,100,chb01,chb01_16,1437,21,3600.0,0.0,3,0.9942493946731236,0.7155308110440384,0.9707724425887264,0.971045197740113,0.9523809523809524,0.3278688524590163,0.4878048780487805,20,41,1
1,0.001,100,chb01,chb01_18,1437,37,3600.0,0.0,3,0.9955598455598456,0.8990393904748004,0.9721642310368824,0.9735714285714284,0.918918918918919,0.4788732394366197,0.6296296296296297,34,37,3
1,0.001,100,chb01,chb01_21,1437,38,3600.0,0.0,3,0.9977803694368156,0.9693501962188384,0.9909533750869868,0.9921372408863474,0.9473684210526316,0.7659574468085106,0.8470588235294116,36,11,2
1,0.001,100,chb01,chb01_26,927,41,2325.0,0.0,3,0.9898144579639928,0.9218196157809831,0.989212513484358,0.9954853273137696,0.8536585365853658,0.8974358974358975,0.875,35,4,6
1,0.001,100,chb12,chb12_06,1439,38,3605.0,0.0,3,0.7025245125662121,0.1254998858612333,0.8387769284225156,0.8486795146324054,0.4736842105263157,0.0782608695652174,0.1343283582089552,18,212,20
1,0.001,100,chb12,chb12_08,1437,32,3600.0,0.0,3,0.8401690391459075,0.4539879651719295,0.9526791927627,0.9587188612099644,0.6875,0.275,0.3928571428571429,22,58,10
1,0.001,100,chb12,chb12_09,1441,26,3610.0,0.0,3,0.9507203044305516,0.5110304868302199,0.9340735600277584,0.9385159010600708,0.6923076923076923,0.1714285714285714,0.2748091603053434,18,87,8
1,0.001,100,chb12,chb12_10,1441,31,3610.0,0.0,3,0.964699153511782,0.7620260666995246,0.9819569743233866,0.9851063829787234,0.8387096774193549,0.5531914893617021,0.6666666666666666,26,21,5
1,0.001,100,chb12,chb12_11,969,15,2430.0,0.0,3,0.80083857442348,0.0729061331818391,0.7110423116615067,0.7127882599580713,0.6,0.0318021201413427,0.0604026845637583,9,274,6
1,0.001,100,chb12,chb12_23,1437,88,3600.0,0.0,3,0.6867208032886314,0.1714457259465245,0.7974947807933194,0.8228317272053373,0.4090909090909091,0.1309090909090909,0.1983471074380165,36,239,52
1,0.001,100,chb12,chb12_33,1437,19,3600.0,0.0,3,0.8386905203771062,0.1052948155155175,0.6945024356297843,0.692524682651622,0.8421052631578947,0.0353982300884955,0.0679405520169851,16,436,3
1,0.001,100,chb12,chb12_36,1437,11,3600.0,0.0,3,0.8456585490246079,0.0304691649139133,0.7070285316631872,0.7054698457223001,0.9090909090909092,0.0232558139534883,0.0453514739229024,10,420,1
1,0.001,100,chb12,chb12_38,1437,77,3600.0,0.0,3,0.8023586707410236,0.3179932136686129,0.8455114822546973,0.8602941176470589,0.5844155844155844,0.1914893617021276,0.2884615384615384,45,190,32
1,0.001,100,chb12,chb12_42,1437,64,3600.0,0.0,3,0.86514475600874,0.4084332441968424,0.83785664578984,0.8419519300801165,0.75,0.1811320754716981,0.2917933130699088,48,217,16
1,0.001,100,chb07,chb07_12,5757,35,14400.0,0.0,3,0.8622060218704749,0.1452298450072501,0.8450581900295293,0.8453337993708494,0.8,0.0306681270536692,0.0590717299578059,28,885,7
1,0.001,100,chb07,chb07_13,1487,39,3725.0,0.0,3,0.7565165037540728,0.2262318651621291,0.9542703429724276,0.9689226519337016,0.4102564102564102,0.2622950819672131,0.32,16,45,23
1,0.001,100,chb07,chb07_19,7673,76,19190.0,0.0,3,0.8326659415420214,0.0718177246316404,0.9722403232112604,0.9793339476108992,0.2631578947368421,0.1129943502824858,0.1581027667984189,20,157,56
1,0.001,100,chb23,chb23_06,2991,46,7485.0,0.0,3,0.9919022661843953,0.8415420600058825,0.9829488465396188,0.9843803056027164,0.8913043478260869,0.4712643678160919,0.6165413533834586,41,46,5
1,0.001,100,chb23,chb23_08,4133,28,10340.0,0.0,3,0.9892030624673742,0.520740214081887,0.9617711105734332,0.9622411693057248,0.8928571428571429,0.1388888888888889,0.2403846153846154,25,155,3
1,0.001,100,chb23,chb23_09,5767,99,14425.0,0.0,3,0.9560228252888804,0.5039953171761471,0.9842205652852436,0.9932956951305576,0.4646464646464646,0.5476190476190477,0.5027322404371585,46,38,53
1,0.001,100,chb18,chb18_29,1437,20,3600.0,0.0,3,0.8220183486238531,0.2676127688280359,0.9798190675017396,0.9872971065631616,0.45,0.3333333333333333,0.3829787234042553,9,18,11
1,0.001,100,chb18,chb18_30,1437,12,3600.0,0.0,3,0.6014035087719298,0.0123710441708611,0.9672929714683368,0.975438596491228,0.0,0.0,,0,35,12
1,0.001,100,chb18,chb18_31,906,28,2272.5,0.0,3,0.9014399609502116,0.5075445433977765,0.9415011037527594,0.9544419134396356,0.5357142857142857,0.2727272727272727,0.3614457831325301,15,40,13
1,0.001,100,chb18,chb18_32,1437,22,3600.0,0.0,3,0.9399935753292644,0.1196156948134749,0.9095337508698678,0.9102473498233216,0.8636363636363636,0.1301369863013698,0.2261904761904762,19,127,3
1,0.001,100,chb18,chb18_35,1437,27,3600.0,0.0,3,0.727344365642238,0.0501669228250229,0.6910229645093946,0.6929078014184397,0.5925925925925926,0.0356347438752783,0.0672268907563025,16,433,11
1,0.001,100,chb18,chb18_36,1437,18,3600.0,0.0,3,0.9062328713491504,0.4559988715266523,0.9721642310368824,0.9753347427766031,0.7222222222222222,0.2708333333333333,0.3939393939393938,13,35,5
1,0.001,100,chb05,chb05_06,1437,46,3600.0,0.0,3,0.9839808708154908,0.8152701011900015,0.974947807933194,0.98058950395399,0.8043478260869565,0.578125,0.6727272727272727,37,27,9
1,0.001,100,chb05,chb05_13,1437,44,3600.0,0.0,3,0.9837662337662336,0.7501868085259071,0.9693806541405706,0.9734386216798278,0.8409090909090909,0.5,0.6271186440677967,37,37,7
1,0.001,100,chb05,chb05_16,1437,39,3600.0,0.0,3,0.95697149774403,0.7706642610881038,0.974947807933194,0.98068669527897,0.7692307692307693,0.5263157894736842,0.625,30,27,9
1,0.001,100,chb05,chb05_17,1437,48,3600.0,0.0,3,0.8930885529157667,0.3881666904630662,0.9401530967292973,0.9546436285097192,0.5208333333333334,0.2840909090909091,0.3676470588235294,25,63,23
1,0.001,100,chb05,chb05_22,1437,47,3600.0,0.0,3,0.9115873258839736,0.5627861174992166,0.7592205984690327,0.7561151079136691,0.851063829787234,0.1055408970976253,0.1877934272300469,40,339,7
1,0.001,100,chb03,chb03_01,1437,21,3600.0,0.0,3,0.9230898574118912,0.1563667035448256,0.8983994432846207,0.9004237288135594,0.7619047619047619,0.1019108280254777,0.1797752808988764,16,141,5
1,0.001,100,chb03,chb03_02,1437,26,3600.0,0.0,3,0.9793109087935452,0.4678185651675881,0.9137091162143354,0.9121190644932672,1.0,0.1733333333333333,0.2954545454545454,26,124,0
1,0.001,100,chb03,chb03_03,1437,28,3600.0,0.0,3,0.9687468315928216,0.5011594542197094,0.9373695198329852,0.9403832505322924,0.7857142857142857,0.2075471698113207,0.3283582089552239,22,84,6
1,0.001,100,chb03,chb03_04,1437,21,3600.0,0.0,3,0.9702380952380952,0.7011464587453067,0.974947807933194,0.9774011299435028,0.8095238095238095,0.3469387755102041,0.4857142857142857,17,32,4
1,0.001,100,chb03,chb03_34,1437,19,3600.0,0.0,3,0.9327072971568556,0.1091939183944791,0.9227557411273486,0.9273624823695346,0.5789473684210527,0.0964912280701754,0.1654135338345864,11,103,8
1,0.001,100,chb03,chb03_35,1437,26,3600.0,0.0,3,0.951480128659434,0.2109543008290476,0.9227557411273486,0.92487597448618,0.8076923076923077,0.1653543307086614,0.2745098039215686,21,106,5
1,0.001,100,chb03,chb03_36,1437,22,3600.0,0.0,3,0.8828140057822036,0.070753777452995,0.8656924147529576,0.8685512367491166,0.6818181818181818,0.0746268656716417,0.1345291479820627,15,186,7
1,0.001,100,chb17,chb17a_03,1437,36,3600.0,0.0,3,0.8554009041161075,0.1643322248876884,0.9457202505219208,0.9593147751605996,0.4166666666666667,0.2083333333333333,0.2777777777777778,15,57,21
1,0.001,100,chb17,chb17a_04,1437,47,3600.0,0.0,3,0.7786468697382519,0.1598362732552908,0.9498956158663884,0.9712230215827338,0.3191489361702128,0.2727272727272727,0.2941176470588235,15,40,32
1,0.001,100,chb17,chb17b_63,1446,35,3622.5,0.0,3,0.953832135263744,0.5077396800233595,0.8540802213001383,0.8532955350815025,0.8857142857142857,0.1302521008403361,0.2271062271062271,31,207,4
1,0.001,100,chb02,chb02_16+,1437,33,3600.0,0.0,3,0.572347405680739,0.0271268752332095,0.883785664578984,0.9009971509971508,0.1515151515151515,0.0347222222222222,0.0564971751412429,5,139,28
1,0.001,100,chb02,chb02_16,380,33,957.5,0.0,3,0.6423019823596192,0.1806938416141646,0.8394736842105263,0.8818443804034583,0.3939393939393939,0.2407407407407407,0.2988505747126436,13,41,20
1,0.001,100,chb02,chb02_19,1437,4,3600.0,0.0,3,0.7983251919050942,0.0098658693917469,0.732080723729993,0.7320307048150733,0.75,0.0077519379844961,0.0153452685421994,3,384,1
1,0.001,100,chb22,chb22_20,1437,24,3600.0,0.0,3,0.98740858693088,0.8031655554353764,0.9909533750869868,0.997169143665959,0.625,0.7894736842105263,0.6976744186046512,15,4,9
1,0.001,100,chb22,chb22_25,1437,30,3600.0,0.0,3,0.9500829187396352,0.6744181203860661,0.988865692414753,0.9950248756218906,0.7,0.75,0.7241379310344827,21,7,9
1,0.001,100,chb22,chb22_38,1437,29,3600.0,0.0,3,0.997599921630094,0.9137218902610936,0.9846903270702854,0.9857954545454546,0.9310344827586208,0.574468085106383,0.7105263157894737,27,20,2
1,0.001,100,chb11,chb11_82,1437,9,3600.0,0.0,3,0.9985994397759104,0.7265363721246075,0.9874739039665972,0.9873949579831932,1.0,0.3333333333333333,0.5,9,18,0
1,0.001,100,chb11,chb11_92,1437,13,3600.0,0.0,3,0.8682476231633535,0.0823166402573519,0.940848990953375,0.9445224719101124,0.5384615384615384,0.0813953488372093,0.1414141414141414,7,79,6
1,0.001,100,chb11,chb11_99,1140,301,2857.5,0.0,3,0.8397514839292148,0.7145981075184713,0.775438596491228,0.99523241954708,0.1627906976744186,0.9245283018867924,0.2768361581920904,49,4,252
1,0.001,100,chb15,chb15_06,1437,50,3600.0,0.0,3,0.9879019466474404,0.719496404055923,0.9561586638830898,0.9567411679884644,0.94,0.4392523364485981,0.5987261146496815,47,60,3
1,0.001,100,chb15,chb15_10,1437,13,3600.0,0.0,3,0.9719101123595504,0.1823888400451385,0.9721642310368824,0.976123595505618,0.5384615384615384,0.1707317073170731,0.2592592592592592,7,34,6
1,0.001,100,chb15,chb15_15,1437,63,3600.0,0.0,3,0.8417434902151059,0.3175740253263874,0.7724425887265136,0.7736535662299855,0.746031746031746,0.1312849162011173,0.2232779097387173,47,311,16
1,0.001,100,chb15,chb15_17,1437,15,3600.0,0.0,3,0.7985466479137364,0.0309311187578822,0.8907446068197634,0.8966244725738397,0.3333333333333333,0.0328947368421052,0.059880239520958,5,147,10
1,0.001,100,chb15,chb15_20,1437,22,3600.0,0.0,3,0.8184388050112432,0.0426323257494287,0.7974947807933194,0.8,0.6363636363636364,0.0471380471380471,0.0877742946708464,14,283,8
1,0.001,100,chb15,chb15_22,1437,83,3600.0,0.0,3,0.8151572315851294,0.2062487995112882,0.8844815588030619,0.91506646971935,0.3855421686746988,0.2176870748299319,0.2782608695652174,32,115,51
1,0.001,100,chb15,chb15_28,1437,76,3600.0,0.0,3,0.9218743957616304,0.4906689284867558,0.8086290883785665,0.8038207200587804,0.8947368421052632,0.2029850746268656,0.3309002433090024,68,267,8
1,0.001,100,chb15,chb15_31,1437,48,3600.0,0.0,3,0.9698674106071514,0.7668694475442311,0.9798190675017396,0.988480921526278,0.7291666666666666,0.6862745098039216,0.7070707070707071,35,16,13
1,0.001,100,chb15,chb15_40,1437,97,3600.0,0.0,3,0.9101631020156948,0.5815847910930558,0.941544885177453,0.967910447761194,0.5773195876288659,0.5656565656565656,0.5714285714285714,56,43,41
1,0.001,100,chb15,chb15_46,1437,43,3600.0,0.0,3,0.9081111741349972,0.671024560006585,0.6381350034794712,0.6291248206599713,0.9302325581395348,0.0718132854578097,0.1333333333333333,40,517,3
1,0.001,100,chb15,chb15_49,1447,56,3625.0,0.0,3,0.8445234671870185,0.2260234133702567,0.7982031789910159,0.8037383177570093,0.6607142857142857,0.1193548387096774,0.2021857923497267,37,273,19
1,0.001,100,chb15,chb15_52,1440,28,3607.5,0.0,3,0.9137747875354107,0.1696021635825158,0.7666666666666667,0.7641643059490085,0.8928571428571429,0.0698324022346368,0.1295336787564766,25,333,3
1,0.001,100,chb15,chb15_54,1437,164,3600.0,0.0,3,0.973569252581764,0.8057065209496129,0.9262352122477384,0.9324430479183032,0.8780487804878049,0.6260869565217392,0.7309644670050761,144,86,20
1,0.001,100,chb15,chb15_62,1437,43,3600.0,0.0,3,0.9948116512628874,0.8567776866633973,0.9805149617258176,0.9820659971305596,0.9302325581395348,0.6153846153846154,0.7407407407407407,40,25,3
1,0.001,100,chb06,chb06_01,5767,19,14425.0,0.0,3,0.9046075522836318,0.2834530568872808,0.9769377492630484,0.9787752261656228,0.4210526315789473,0.0615384615384615,0.1073825503355704,8,122,11
1,0.001,100,chb06,chb06_04,5301,16,13260.0,0.0,3,0.7745269631031221,0.0192882175185805,0.9584983965289569,0.960643330179754,0.25,0.0188679245283018,0.0350877192982456,4,208,12
1,0.001,100,chb06,chb06_09,5757,7,14400.0,0.0,3,0.9640745341614908,0.075710525085119,0.9650859822824388,0.9652173913043478,0.8571428571428571,0.029126213592233,0.056338028169014,6,200,1
1,0.001,100,chb06,chb06_10,5757,5,14400.0,0.0,3,0.9116133518776078,0.036556718133539,0.9772450929303456,0.9777468706536856,0.4,0.0153846153846153,0.0296296296296296,2,128,3
1,0.001,100,chb06,chb06_13,5757,5,14400.0,0.0,3,0.964673157162726,0.0194695739710373,0.9499739447628972,0.950278164116829,0.6,0.0103806228373702,0.0204081632653061,3,286,2
1,0.001,100,chb06,chb06_18,3168,5,7927.5,0.0,3,0.3655390452102434,0.0017609945966218,0.7525252525252525,0.7533986721466962,0.2,0.0012804097311139,0.0025445292620865,1,780,4
1,0.001,100,chb06,chb06_24,5757,7,14400.0,0.0,3,0.7651677018633539,0.0044995903799283,0.9411151641479938,0.9419130434782608,0.2857142857142857,0.0059523809523809,0.0116618075801749,2,334,5
1,0.001,100,chb19,chb19_28,1441,31,3610.0,0.0,3,0.7937542896362388,0.0949945907384751,0.714087439278279,0.7134751773049646,0.7419354838709677,0.0538641686182669,0.1004366812227074,23,404,8
1,0.001,100,chb19,chb19_29,1437,31,3600.0,0.0,3,0.9530353783324924,0.4980520478965902,0.954766875434934,0.9580369843527738,0.8064516129032258,0.2976190476190476,0.4347826086956521,25,59,6
1,0.001,100,chb19,chb19_30,1330,33,3332.5,0.0,3,0.8964042896194013,0.2601321496730336,0.7909774436090226,0.7902852737085582,0.8181818181818182,0.0903010033444816,0.1626506024096385,27,272,6
1,0.001,100,chb14,chb14_03,1437,6,3600.0,0.0,3,0.9644770556720242,0.1489777516303679,0.9930410577592206,0.9965059399021664,0.1666666666666666,0.1666666666666666,0.1666666666666666,1,5,5
1,0.001,100,chb14,chb14_04,1437,17,3600.0,0.0,3,0.9542667771333884,0.2530419107719335,0.9846903270702854,0.9922535211267606,0.3529411764705882,0.3529411764705882,0.3529411764705882,6,11,11
1,0.001,100,chb14,chb14_06,1437,6,3600.0,0.0,3,0.8928488236664338,0.0377546697034782,0.9707724425887264,0.9727463312368972,0.5,0.0714285714285714,0.125,3,39,3
1,0.001,100,chb14,chb14_11,1437,16,3600.0,0.0,3,0.8632565095003519,0.3732846889925337,0.9860821155184412,0.99155524278677,0.5,0.4,0.4444444444444445,8,12,8
1,0.001,100,chb14,chb14_17,1437,8,3600.0,0.0,3,0.9571378586424072,0.2292251588975268,0.9853862212943632,0.9895031490552834,0.25,0.1176470588235294,0.1599999999999999,2,15,6
1,0.001,100,chb14,chb14_18,1437,9,3600.0,0.0,3,0.950280112044818,0.4878753279587227,0.9874739039665972,0.9901960784313726,0.5555555555555556,0.2631578947368421,0.3571428571428571,5,14,4
1,0.001,100,chb14,chb14_27,1437,6,3600.0,0.0,3,0.963545306312602,0.0701449013949014,0.9707724425887264,0.9727463312368972,0.5,0.0714285714285714,0.125,3,39,3
