patient,record,seg_sensitivity,seg_precision,seg_f1,tp,fp,fn
chb01,chb01_03,0.5,0.216216216,0.301886792,8,29,8
chb01,chb01_04,0.818181818,0.243243243,0.375,9,28,2
chb01,chb01_15,0.0625,0.018867925,0.028985507,1,52,15
chb01,chb01_16,0.761904762,0.262295082,0.390243902,16,45,5
chb01,chb01_18,0.918918919,0.85,0.883116883,34,6,3
chb01,chb01_21,0.868421053,0.76744186,0.814814815,33,10,5
chb01,chb01_26,0.731707317,1.0,0.845070423,30,0,11
chb02,chb02_16+,0.242424242,0.133333333,0.172043011,8,52,25
chb02,chb02_16,0.333333333,0.611111111,0.431372549,11,7,22
chb02,chb02_19,0.25,0.014084507,0.026666667,1,70,3
chb03,chb03_01,0.476190476,0.136986301,0.212765957,10,63,11
chb03,chb03_02,0.615384615,0.183908046,0.283185841,16,71,10
chb03,chb03_03,0.214285714,0.130434783,0.162162162,6,40,22
chb03,chb03_04,0.476190476,0.212765957,0.294117647,10,37,11
chb03,chb03_34,0.105263158,0.068965517,0.083333333,2,27,17
chb03,chb03_35,0.192307692,0.357142857,0.25,5,9,21
chb03,chb03_36,0.181818182,0.111111111,0.137931034,4,32,18
chb04,chb04_05,0.55,0.22,0.314285714,11,39,9
chb04,chb04_08,0.454545455,0.07751938,0.132450331,20,238,24
chb04,chb04_28,0.068181818,0.162162162,0.096,6,31,82
chb05,chb05_06,0.586956522,0.675,0.627906977,27,13,19
chb05,chb05_13,0.75,0.825,0.785714286,33,7,11
chb05,chb05_16,0.692307692,0.771428571,0.72972973,27,8,12
chb05,chb05_17,0.25,0.315789474,0.279069767,12,26,36
chb05,chb05_22,0.829787234,0.364485981,0.506493506,39,68,8
chb06,chb06_01,0.368421053,0.166666667,0.229508197,7,35,12
chb06,chb06_04,0.125,0.083333333,0.1,2,22,14
chb06,chb06_09,0.714285714,0.106382979,0.185185185,5,42,2
chb06,chb06_10,0.4,0.125,0.19047619,2,14,3
chb06,chb06_13,0.8,0.108108108,0.19047619,4,33,1
chb06,chb06_18,0.0,0.0,,0,64,5
chb06,chb06_24,0.285714286,0.023255814,0.043010753,2,84,5
chb07,chb07_12,0.428571429,0.05952381,0.104529617,15,237,20
chb07,chb07_13,0.230769231,0.45,0.305084746,9,11,30
chb07,chb07_19,0.184210526,0.237288136,0.207407407,14,45,62
chb08,chb08_02,0.275362319,0.345454545,0.306451613,19,36,50
chb08,chb08_05,0.618421053,0.552941176,0.583850932,47,38,29
chb08,chb08_11,0.566037736,0.545454545,0.555555556,30,25,23
chb08,chb08_13,0.5,0.592592593,0.542372881,32,22,32
chb08,chb08_21,0.352380952,0.804347826,0.490066225,37,9,68
chb09,chb09_06,0.653846154,0.414634146,0.507462687,17,24,9
chb09,chb09_08,0.6,0.610169492,0.605042017,36,23,24
chb09,chb09_19,0.12,0.6,0.2,3,2,22
chb10,chb10_12,0.571428571,0.533333333,0.551724138,8,7,6
chb10,chb10_20,0.464285714,0.361111111,0.40625,13,23,15
chb10,chb10_27,0.807692308,0.807692308,0.807692308,21,5,5
chb10,chb10_30,0.217391304,0.555555556,0.3125,5,4,18
chb10,chb10_31,0.966666667,0.725,0.828571429,29,11,1
chb10,chb10_38,0.628571429,0.278481013,0.385964912,22,57,13
chb10,chb10_89,0.285714286,0.461538462,0.352941176,6,7,15
chb11,chb11_82,1.0,0.36,0.529411765,9,16,0
chb11,chb11_92,0.923076923,0.181818182,0.303797468,12,54,1
chb11,chb11_99,0.219269103,0.904109589,0.352941176,66,7,235
chb12,chb12_06,0.421052632,0.432432432,0.426666667,16,21,22
chb12,chb12_08,0.53125,0.459459459,0.492753623,17,20,15
chb12,chb12_09,0.692307692,0.339622642,0.455696203,18,35,8
chb12,chb12_10,0.806451613,0.609756098,0.694444444,25,16,6
chb12,chb12_11,0.533333333,0.125,0.202531646,8,56,7
chb12,chb12_23,0.170454545,0.441176471,0.245901639,15,19,73
chb12,chb12_33,0.473684211,0.142857143,0.219512195,9,54,10
chb12,chb12_36,0.272727273,0.130434783,0.176470588,3,20,8
chb12,chb12_38,0.363636364,0.823529412,0.504504505,28,6,49
chb12,chb12_42,0.4375,0.666666667,0.528301887,28,14,36
chb13,chb13_19,0.0,0.0,,0,6,18
chb13,chb13_21,0.0,0.0,,0,7,28
chb13,chb13_40,0.0,0.0,,0,7,39
chb13,chb13_55,0.0,0.0,,0,71,15
chb13,chb13_58,0.0,0.0,,0,18,7
chb13,chb13_59,0.24,0.033898305,0.059405941,6,171,19
chb13,chb13_60,0.666666667,0.016574586,0.032345013,6,356,3
chb13,chb13_62,0.186666667,0.100719424,0.130841121,14,125,61
chb14,chb14_03,0.5,0.6,0.545454545,3,2,3
chb14,chb14_04,0.294117647,0.3125,0.303030303,5,11,12
chb14,chb14_06,0.333333333,0.181818182,0.235294118,2,9,4
chb14,chb14_11,0.0,,,0,0,16
chb14,chb14_17,0.375,0.375,0.375,3,5,5
chb14,chb14_18,0.444444444,0.222222222,0.296296296,4,14,5
chb14,chb14_27,0.166666667,0.166666667,0.166666667,1,5,5
chb15,chb15_06,0.86,0.565789474,0.682539683,43,33,7
chb15,chb15_10,0.076923077,0.25,0.117647059,1,3,12
chb15,chb15_15,0.158730159,0.111111111,0.130718954,10,80,53
chb15,chb15_17,0.0,0.0,,0,39,15
chb15,chb15_20,0.045454545,0.03030303,0.036363636,1,32,21
chb15,chb15_22,0.144578313,0.266666667,0.1875,12,33,71
chb15,chb15_28,0.802631579,0.4765625,0.598039216,61,67,15
chb15,chb15_31,0.666666667,0.8,0.727272727,32,8,16
chb15,chb15_40,0.618556701,0.437956204,0.512820513,60,77,37
chb15,chb15_46,0.558139535,0.107142857,0.179775281,24,200,19
chb15,chb15_49,0.446428571,0.154320988,0.229357798,25,137,31
chb15,chb15_52,0.678571429,0.431818182,0.527777778,19,25,9
chb15,chb15_54,0.731707317,0.821917808,0.774193548,120,26,44
chb15,chb15_62,0.744186047,0.711111111,0.727272727,32,13,11
chb16,chb16_10,0.25,0.035714286,0.0625,1,27,3
chb16,chb16_11,0.0,0.0,,0,17,4
chb16,chb16_14,0.0,0.0,,0,17,6
chb16,chb16_16,0.0,0.0,,0,12,3
chb16,chb16_17,0.0,0.0,,0,2,15
chb16,chb16_18,0.0,0.0,,0,60,7
chb17,chb17a_03,0.277777778,0.303030303,0.289855072,10,23,26
chb17,chb17a_04,0.063829787,0.157894737,0.090909091,3,16,44
chb17,chb17b_63,0.257142857,1.0,0.409090909,9,0,26
chb18,chb18_29,0.05,1.0,0.095238095,1,0,19
chb18,chb18_30,0.0,,,0,0,12
chb18,chb18_31,0.607142857,0.85,0.708333333,17,3,11
chb18,chb18_32,0.818181818,0.5,0.620689655,18,18,4
chb18,chb18_35,0.296296296,0.195121951,0.235294118,8,33,19
chb18,chb18_36,0.5,0.642857143,0.5625,9,5,9
chb19,chb19_28,0.193548387,0.111111111,0.141176471,6,48,25
chb19,chb19_29,0.258064516,0.098765432,0.142857143,8,73,23
chb19,chb19_30,0.393939394,0.265306122,0.317073171,13,36,20
chb20,chb20_12,0.666666667,0.266666667,0.380952381,8,22,4
chb20,chb20_13,0.857142857,0.558139535,0.676056338,24,19,4
chb20,chb20_14,0.6,0.346153846,0.43902439,9,17,6
chb20,chb20_15,0.342857143,0.923076923,0.5,12,1,23
chb20,chb20_16,0.5,0.538461538,0.518518519,7,6,7
chb20,chb20_68,0.0,0.0,,0,1,15
chb21,chb21_19,0.454545455,1.0,0.625,10,0,12
chb21,chb21_20,0.5,0.434782609,0.465116279,10,13,10
chb21,chb21_21,0.78125,0.833333333,0.806451613,25,5,7
chb21,chb21_22,0.6,0.3,0.4,3,7,2
chb22,chb22_20,0.541666667,0.866666667,0.666666667,13,2,11
chb22,chb22_25,0.6,0.818181818,0.692307692,18,4,12
chb22,chb22_38,0.931034483,0.9,0.915254237,27,3,2
chb23,chb23_06,0.739130435,0.653846154,0.693877551,34,18,12
chb23,chb23_08,0.928571429,0.26,0.40625,26,74,2
chb23,chb23_09,0.545454545,0.675,0.603351955,54,26,45
chb24,chb24_01,0.636363636,0.318181818,0.424242424,7,15,4
chb24,chb24_03,0.666666667,0.571428571,0.615384615,8,6,4
chb24,chb24_04,0.461538462,0.162162162,0.24,6,31,7
chb24,chb24_06,0.8,1.0,0.888888889,8,0,2
chb24,chb24_07,0.777777778,0.583333333,0.666666667,7,5,2
chb24,chb24_09,0.875,1.0,0.933333333,7,0,1
chb24,chb24_11,0.178571429,1.0,0.303030303,5,0,23
chb24,chb24_13,0.166666667,1.0,0.285714286,1,0,5
chb24,chb24_14,0.636363636,0.7,0.666666667,7,3,4
chb24,chb24_15,0.857142857,0.75,0.8,6,2,1
chb24,chb24_17,0.148148148,1.0,0.258064516,4,0,23
chb24,chb24_21,0.074074074,1.0,0.137931034,2,0,25
