patient,0_10%,10K_10%,10K_5%
chb01,0.539,0.466,0.461
chb02,0.114,0.101,0.106
chb03,0.247,0.235,0.21
chb04,0.115,0.134,0.092
chb05,0.439,0.441,0.443
chb06,0.116,0.121,0.075
chb07,0.165,0.119,0.137
chb08,0.412,0.454,0.467
chb09,0.366,0.388,0.365
chb10,0.345,0.353,0.294
chb11,0.328,0.249,0.252
chb12,0.307,0.285,0.265
chb13,0.067,0.051,0.051
chb14,0.239,0.275,0.23
chb15,0.38,0.387,0.35
chb16,0.059,0.055,0.043
chb17,0.31,0.255,0.217
chb18,0.278,0.318,0.319
chb19,0.206,0.218,0.2
chb20,0.382,0.41,0.405
chb21,0.456,0.412,0.41
chb22,0.543,0.588,0.564
chb23,0.363,0.41,0.388
chb24,0.352,0.34,0.343
