arm,pct,slice,config,C,gamma,percentile,sensitivity,FP/h,median_latency,mean_auc,mean_ap,n_pat_0detect
0,10,ArmA_10pct,D10,0.1,0.0001,10,0.322,0.708,25.5,0.875,0.342,3.0
0,10,ArmA_10pct,C10,0.1,0.001,10,0.443,0.861,28.125,0.889,0.381,4.0
0,10,ArmA_10pct,B10,0.1,0.01,10,0.426,0.243,26.0,0.873,0.344,3.0
0,10,ArmA_10pct,A10,0.1,scale,10,0.497,0.57,30.375,0.882,0.37,4.0
0,10,ArmA_10pct,H10,1.0,0.0001,10,0.383,0.639,27.5,0.888,0.368,4.0
0,10,ArmA_10pct,G10,1.0,0.001,10,0.492,0.407,28.5,0.889,0.393,3.0
0,10,ArmA_10pct,F10,1.0,0.01,10,0.53,0.419,28.5,0.867,0.377,2.0
0,10,ArmA_10pct,E10,1.0,scale,10,0.541,0.443,28.5,0.878,0.4,3.0
0,10,ArmA_10pct,L10,10.0,0.0001,10,0.421,0.517,25.5,0.885,0.377,4.0
0,10,ArmA_10pct,K10,10.0,0.001,10,0.514,0.346,28.0,0.882,0.402,3.0
0,10,ArmA_10pct,J10,10.0,0.01,10,0.508,0.198,28.625,0.859,0.382,2.0
0,10,ArmA_10pct,I10,10.0,scale,10,0.519,0.362,28.25,0.87,0.405,2.0
10K,5,ArmB_5pct,D5,0.1,0.0001,5,0.317,0.217,34.25,0.873,0.358,4.0
10K,5,ArmB_5pct,C5,0.1,0.001,5,0.415,0.275,28.0,0.88,0.381,3.0
10K,5,ArmB_5pct,B5,0.1,0.01,5,0.448,0.212,32.25,0.877,0.346,3.0
10K,5,ArmB_5pct,A5,0.1,scale,5,0.426,0.22,28.5,0.874,0.332,3.0
10K,5,ArmB_5pct,H5,1.0,0.0001,5,0.41,0.246,31.5,0.879,0.377,3.0
10K,5,ArmB_5pct,G5,1.0,0.001,5,0.464,0.265,30.5,0.877,0.376,3.0
10K,5,ArmB_5pct,F5,1.0,0.01,5,0.464,0.17,34.25,0.872,0.352,3.0
10K,5,ArmB_5pct,E5,1.0,scale,5,0.459,0.175,30.0,0.869,0.348,3.0
10K,5,ArmB_5pct,L5,10.0,0.0001,5,0.443,0.249,33.5,0.876,0.373,3.0
10K,5,ArmB_5pct,K5,10.0,0.001,5,0.503,0.226,23.5,0.864,0.368,2.0
10K,5,ArmB_5pct,J5,10.0,0.01,5,0.448,0.159,31.0,0.863,0.362,5.0
10K,5,ArmB_5pct,I5,10.0,scale,5,0.448,0.192,29.5,0.858,0.358,3.0
10K,10,ArmB_10pct,D10,0.1,0.0001,10,0.388,0.211,26.0,0.876,0.364,3.0
10K,10,ArmB_10pct,C10,0.1,0.001,10,0.47,0.214,30.5,0.882,0.388,3.0
10K,10,ArmB_10pct,B10,0.1,0.01,10,0.486,0.169,28.5,0.871,0.351,3.0
10K,10,ArmB_10pct,A10,0.1,scale,10,0.525,0.175,25.375,0.877,0.371,4.0
10K,10,ArmB_10pct,H10,1.0,0.0001,10,0.443,0.217,32.125,0.881,0.384,4.0
10K,10,ArmB_10pct,G10,1.0,0.001,10,0.53,0.23,25.25,0.876,0.397,4.0
10K,10,ArmB_10pct,F10,1.0,0.01,10,0.546,0.146,26.5,0.864,0.384,3.0
10K,10,ArmB_10pct,E10,1.0,scale,10,0.514,0.158,26.75,0.873,0.393,5.0
10K,10,ArmB_10pct,L10,10.0,0.0001,10,0.508,0.214,23.5,0.876,0.388,3.0
10K,10,ArmB_10pct,K10,10.0,0.001,10,0.563,0.168,24.25,0.87,0.4,3.0
10K,10,ArmB_10pct,J10,10.0,0.01,10,0.508,0.125,27.375,0.857,0.393,4.0
10K,10,ArmB_10pct,I10,10.0,scale,10,0.525,0.127,29.0,0.868,0.405,4.0
