patient,total_length_hours,TP,FP,FN,sensitivity,FP/hour,latency_median,mean_fold_roc_auc,mean_fold_ap
chb01,40.549,6,18,1,0.857,0.444,28.0,0.907,0.58
chb02,46.266,0,2,3,0.0,0.043,,0.784,0.146
chb03,48.335,3,10,4,0.429,0.207,43.0,0.926,0.301
chb04,204.526,1,13,3,0.25,0.064,41.0,0.855,0.121
chb05,50.337,5,2,0,1.0,0.04,43.0,0.943,0.655
chb06,80.348,2,2,8,0.2,0.025,12.5,0.797,0.181
chb07,86.599,0,7,3,0.0,0.081,,0.774,0.18
chb08,21.008,5,2,0,1.0,0.095,32.0,0.912,0.605
chb09,83.365,4,7,0,1.0,0.084,24.0,0.947,0.524
chb10,56.69,6,3,1,0.857,0.053,23.25,0.948,0.612
chb11,40.793,4,5,1,0.8,0.123,1.5,0.85,0.532
chb12,22.021,14,7,13,0.519,0.318,21.5,0.861,0.402
chb13,41.333,0,8,12,0.0,0.194,,0.526,0.026
chb14,32.333,3,5,5,0.375,0.155,18.0,0.951,0.406
chb15,48.343,15,6,5,0.75,0.124,42.0,0.892,0.489
chb16,23.333,0,0,10,0.0,0.0,,0.64,0.05
chb17,26.217,1,5,2,0.333,0.191,49.0,0.82,0.356
chb18,45.635,5,6,1,0.833,0.131,22.0,0.833,0.384
chb19,38.928,2,14,1,0.667,0.36,52.25,0.869,0.245
chb20,34.611,5,10,3,0.625,0.289,36.5,0.953,0.511
chb21,42.497,4,10,0,1.0,0.235,21.25,0.971,0.638
chb22,40.336,3,3,0,1.0,0.074,29.5,0.973,0.836
chb23,32.423,7,5,0,1.0,0.154,28.5,0.953,0.479
chb24,24.395,1,4,11,0.083,0.164,32.0,0.935,0.467
