config,C,gamma,percentile,sensitivity,FP/h,median_latency,mean_auc,mean_ap,n_pat_0detect
D5,0.1,0.0001,5,0.317,0.217,34.25,0.873,0.358,4.0
C5,0.1,0.001,5,0.415,0.275,28.0,0.88,0.381,3.0
B5,0.1,0.01,5,0.448,0.212,32.25,0.877,0.346,3.0
A5,0.1,scale,5,0.426,0.22,28.5,0.874,0.332,3.0
H5,1.0,0.0001,5,0.41,0.246,31.5,0.879,0.377,3.0
G5,1.0,0.001,5,0.464,0.265,30.5,0.877,0.376,3.0
F5,1.0,0.01,5,0.464,0.17,34.25,0.872,0.352,3.0
E5,1.0,scale,5,0.459,0.175,30.0,0.869,0.348,3.0
L5,10.0,0.0001,5,0.443,0.249,33.5,0.876,0.373,3.0
K5,10.0,0.001,5,0.503,0.226,23.5,0.864,0.368,2.0
J5,10.0,0.01,5,0.448,0.159,31.0,0.863,0.362,5.0
I5,10.0,scale,5,0.448,0.192,29.5,0.858,0.358,3.0
