patient,record,fp_start,fp_duration_s
chb01,chb01_03,25,20
chb01,chb01_03,1720,62
chb01,chb01_03,3150,15
chb01,chb01_04,1012,33
chb01,chb01_15,2162,188
chb01,chb01_15,2470,15
chb01,chb01_16,2222,18
chb01,chb01_21,2480,20
chb01,chb01_06,1350,178
chb01,chb01_06,1860,15
chb01,chb01_14,2960,38
chb01,chb01_17,2870,22
chb01,chb01_17,3020,18
chb01,chb01_19,1572,16
chb01,chb01_19,1862,16
chb01,chb01_36,1695,23
chb01,chb01_37,838,14
chb01,chb01_43,3405,17
chb02,chb02_16+,245,15
chb02,chb02_16+,1505,17
chb02,chb02_16+,1905,17
chb02,chb02_19,605,15
chb02,chb02_19,1382,18
chb02,chb02_19,2540,15
chb02,chb02_06,2605,15
chb02,chb02_20,1872,18
chb02,chb02_21,158,14
chb02,chb02_22,1470,15
chb02,chb02_22,2232,18
chb02,chb02_24,4625,15
chb02,chb02_25,222,16
chb02,chb02_35,2418,34
chb02,chb02_35,2590,18
chb03,chb03_01,1192,168
chb03,chb03_01,1540,180
chb03,chb03_02,942,16
chb03,chb03_02,2258,34
chb03,chb03_02,2400,15
chb03,chb03_02,2980,18
chb03,chb03_02,3540,15
chb03,chb03_03,28,20
chb03,chb03_03,1635,15
chb03,chb03_04,2055,17
chb03,chb03_34,2340,28
chb03,chb03_34,2505,23
chb03,chb03_36,1575,17
chb03,chb03_36,2515,90
chb03,chb03_08,4280,15
chb03,chb03_10,2805,15
chb03,chb03_17,2622,16
chb03,chb03_17,4335,15
chb03,chb03_18,352,16
chb03,chb03_19,3255,15
chb03,chb03_19,4302,18
chb03,chb03_20,15,155
chb03,chb03_20,1558,14
chb03,chb03_20,1752,128
chb03,chb03_20,2148,14
chb03,chb03_20,3508,14
chb03,chb03_21,1610,15
chb03,chb03_21,3225,15
chb03,chb03_21,4078,17
chb03,chb03_23,4100,15
chb03,chb03_23,4312,16
chb03,chb03_23,4745,15
chb03,chb03_24,1742,16
chb03,chb03_24,1965,15
chb03,chb03_24,2750,15
chb03,chb03_25,1565,15
chb03,chb03_25,3302,16
chb03,chb03_25,3410,18
chb03,chb03_25,3728,74
chb03,chb03_26,262,16
chb03,chb03_26,2190,15
chb03,chb03_28,30,15
chb03,chb03_28,4705,77
chb03,chb03_29,1870,18
chb03,chb03_30,380,15
chb03,chb03_30,3335,15
chb03,chb03_31,2628,14
chb03,chb03_31,3462,18
chb03,chb03_32,2828,27
chb03,chb03_33,80,18
chb03,chb03_33,615,15
chb03,chb03_38,3245,15
chb03,chb03_38,4640,20
chb03,chb03_38,4778,14
chb04,chb04_05,7592,16
chb04,chb04_05,8255,20
chb04,chb04_05,8652,18
chb04,chb04_08,2288,14
chb04,chb04_08,2832,16
chb04,chb04_08,4670,18
chb04,chb04_08,6302,16
chb04,chb04_08,6760,165
chb04,chb04_08,7122,16
chb04,chb04_08,7305,17
chb04,chb04_08,7522,98
chb04,chb04_08,7808,17
chb04,chb04_08,8148,14
chb04,chb04_08,9688,17
chb04,chb04_08,11068,20
chb04,chb04_08,11485,17
chb04,chb04_08,13455,47
chb04,chb04_08,13662,16
chb04,chb04_08,14320,18
chb04,chb04_28,392,16
chb04,chb04_28,685,15
chb04,chb04_01,3440,18
chb04,chb04_02,2522,16
chb04,chb04_03,7285,15
chb04,chb04_09,10095,17
chb04,chb04_09,13682,16
chb04,chb04_12,15022,16
chb04,chb04_13,4905,15
chb04,chb04_13,8632,20
chb04,chb04_14,260,15
chb04,chb04_14,735,17
chb04,chb04_14,8622,16
chb04,chb04_14,9428,14
chb04,chb04_14,13070,15
chb04,chb04_14,14272,18
chb04,chb04_14,14470,15
chb04,chb04_17,4938,14
chb04,chb04_18,6868,14
chb04,chb04_18,10482,16
chb04,chb04_18,16265,15
chb04,chb04_19,3762,16
chb04,chb04_19,5012,18
chb04,chb04_21,11172,18
chb04,chb04_21,15348,14
chb04,chb04_21,17750,15
chb04,chb04_22,3858,17
chb04,chb04_22,4280,15
chb04,chb04_22,14282,16
chb04,chb04_27,2980,15
chb04,chb04_27,13975,15
chb04,chb04_27,18232,20
chb04,chb04_29,5905,15
chb04,chb04_30,6178,14
chb04,chb04_30,7880,15
chb04,chb04_30,16205,20
chb04,chb04_31,14285,15
chb04,chb04_31,17252,16
chb04,chb04_31,17618,17
chb04,chb04_31,18088,14
chb04,chb04_31,18435,15
chb04,chb04_31,18780,15
chb04,chb04_32,2085,20
chb04,chb04_32,14280,15
chb04,chb04_33,15602,16
chb04,chb04_34,7908,14
chb04,chb04_34,17785,15
chb04,chb04_34,19138,52
chb04,chb04_36,7585,15
chb04,chb04_36,14902,80
chb04,chb04_37,1055,55
chb04,chb04_37,7152,16
chb04,chb04_38,1805,15
chb04,chb04_39,12940,18
chb04,chb04_40,695,15
chb04,chb04_41,4798,17
chb04,chb04_43,9118,14
chb04,chb04_43,15798,14
chb04,chb04_43,16488,14
chb05,chb05_06,2332,18
chb05,chb05_17,3342,16
chb05,chb05_22,760,300
chb05,chb05_22,1060,15
chb05,chb05_02,610,15
chb05,chb05_03,3100,15
chb05,chb05_03,4770,15
chb05,chb05_07,3132,16
chb05,chb05_08,1148,44
chb05,chb05_09,52,16
chb05,chb05_09,158,14
chb05,chb05_18,2192,18
chb05,chb05_18,3472,16
chb05,chb05_20,450,15
chb05,chb05_20,1225,17
chb05,chb05_21,248,17
chb05,chb05_21,588,14
chb05,chb05_24,3970,15
chb05,chb05_26,2105,23
chb05,chb05_26,3282,16
chb05,chb05_27,1435,15
chb05,chb05_27,3658,14
chb05,chb05_28,2722,16
chb05,chb05_28,3812,16
chb05,chb05_29,370,15
chb05,chb05_29,3932,18
chb05,chb05_29,4068,14
chb05,chb05_30,378,14
chb05,chb05_32,2485,20
chb05,chb05_33,510,15
chb05,chb05_34,2050,18
chb05,chb05_35,1752,83
chb05,chb05_38,1595,15
chb06,chb06_01,1860,15
chb06,chb06_04,6468,17
chb06,chb06_09,4520,15
chb06,chb06_18,1532,16
chb06,chb06_18,1942,16
chb06,chb06_18,4068,14
chb06,chb06_24,8570,15
chb06,chb06_24,9675,15
chb06,chb06_24,13715,93
chb07,chb07_12,1488,22
chb07,chb07_12,1710,15
chb07,chb07_12,1975,17
chb07,chb07_12,2105,67
chb07,chb07_12,2658,20
chb07,chb07_12,3030,208
chb07,chb07_12,3952,18
chb07,chb07_12,4298,14
chb07,chb07_12,5150,18
chb07,chb07_12,5782,43
chb07,chb07_12,7955,17
chb07,chb07_12,8368,20
chb07,chb07_12,9080,18
chb07,chb07_12,9392,18
chb07,chb07_12,10055,155
chb07,chb07_12,10305,90
chb07,chb07_12,10820,20
chb07,chb07_12,11330,15
chb07,chb07_12,11878,14
chb07,chb07_12,12902,38
chb07,chb07_12,13420,15
chb07,chb07_12,13888,82
chb07,chb07_12,14260,15
chb07,chb07_19,9522,18
chb07,chb07_19,14270,18
chb07,chb07_19,18295,17
chb07,chb07_01,5022,18
chb07,chb07_01,6118,17
chb07,chb07_02,16792,18
chb07,chb07_03,3355,20
chb07,chb07_03,5215,25
chb07,chb07_03,7502,16
chb07,chb07_03,10490,15
chb07,chb07_03,17520,15
chb07,chb07_04,2348,17
chb07,chb07_04,6000,20
chb07,chb07_04,6188,14
chb07,chb07_04,8808,14
chb07,chb07_04,12082,16
chb07,chb07_05,5050,15
chb07,chb07_05,15615,15
chb07,chb07_05,19095,15
chb07,chb07_06,3590,18
chb07,chb07_07,3150,15
chb07,chb07_07,3792,98
chb07,chb07_08,212,16
chb07,chb07_08,3120,18
chb07,chb07_08,3605,17
chb07,chb07_08,5418,32
chb07,chb07_08,5930,18
chb07,chb07_08,7708,17
chb07,chb07_08,9190,65
chb07,chb07_08,9852,16
chb07,chb07_08,10565,15
chb07,chb07_08,12458,14
chb07,chb07_08,13002,18
chb07,chb07_08,13115,15
chb07,chb07_08,14125,15
chb07,chb07_08,16588,17
chb07,chb07_08,17322,16
chb07,chb07_09,2458,17
chb07,chb07_09,3580,15
chb07,chb07_09,15690,20
chb07,chb07_09,15818,14
chb07,chb07_09,16288,20
chb07,chb07_09,16785,17
chb07,chb07_09,18755,15
chb07,chb07_10,3310,18
chb07,chb07_10,9322,16
chb07,chb07_11,7762,18
chb07,chb07_14,2025,15
chb07,chb07_14,3362,16
chb07,chb07_14,4378,62
chb07,chb07_14,5315,15
chb07,chb07_14,16765,15
chb07,chb07_14,17975,15
chb07,chb07_15,2765,15
chb07,chb07_15,4852,16
chb07,chb07_15,10710,20
chb07,chb07_15,12595,17
chb07,chb07_15,13068,14
chb07,chb07_15,15172,16
chb07,chb07_16,4472,16
chb07,chb07_16,5470,40
chb07,chb07_16,12818,14
chb07,chb07_16,14760,20
chb07,chb07_16,15770,15
chb07,chb07_16,18475,113
chb07,chb07_17,1272,16
chb07,chb07_17,3142,16
chb07,chb07_17,3600,15
chb07,chb07_17,3800,18
chb07,chb07_17,3995,15
chb07,chb07_17,4370,15
chb07,chb07_18,8115,15
chb08,chb08_02,218,17
chb08,chb08_02,595,15
chb08,chb08_02,3198,14
chb08,chb08_05,652,40
chb08,chb08_11,995,15
chb08,chb08_11,3340,15
chb08,chb08_13,3240,15
chb08,chb08_21,2408,17
chb08,chb08_03,358,27
chb08,chb08_03,852,300
chb08,chb08_03,1152,80
chb08,chb08_03,1758,202
chb08,chb08_04,178,52
chb08,chb08_04,990,15
chb08,chb08_04,2000,15
chb08,chb08_10,2062,16
chb08,chb08_12,1622,18
chb08,chb08_14,1148,14
chb08,chb08_14,2660,18
chb08,chb08_15,1148,17
chb08,chb08_18,2745,57
chb08,chb08_18,2915,17
chb08,chb08_18,3090,142
chb08,chb08_20,1290,15
chb08,chb08_20,2018,14
chb08,chb08_20,3538,17
chb08,chb08_22,68,20
chb08,chb08_22,555,33
chb08,chb08_22,1990,25
chb08,chb08_23,1572,16
chb08,chb08_29,10,15
chb08,chb08_29,2485,17
chb09,chb09_06,2862,16
chb09,chb09_06,10872,16
chb09,chb09_08,5102,18
chb09,chb09_08,12790,28
chb09,chb09_02,13370,15
chb09,chb09_02,17918,14
chb09,chb09_09,17135,17
chb09,chb09_10,552,18
chb09,chb09_10,888,14
chb09,chb09_10,13122,16
chb09,chb09_11,3218,20
chb09,chb09_12,5900,15
chb09,chb09_12,9998,14
chb09,chb09_12,10655,15
chb09,chb09_12,13230,15
chb09,chb09_12,15590,18
chb09,chb09_12,16042,18
chb09,chb09_14,3220,15
chb09,chb09_16,9212,18
chb09,chb09_18,4310,15
chb10,chb10_12,1430,15
chb10,chb10_20,2385,15
chb10,chb10_20,4202,16
chb10,chb10_31,3628,14
chb10,chb10_38,652,18
chb10,chb10_38,862,16
chb10,chb10_38,1185,15
chb10,chb10_38,5268,14
chb10,chb10_38,6565,15
chb10,chb10_38,6788,20
chb10,chb10_38,6920,18
chb10,chb10_89,5,15
chb10,chb10_02,6168,14
chb10,chb10_08,7922,18
chb10,chb10_21,2235,15
chb11,chb11_92,1648,14
chb11,chb11_92,1885,133
chb11,chb11_92,2505,15
chb11,chb11_92,3128,17
chb11,chb11_99,812,16
chb11,chb11_01,1865,17
chb11,chb11_02,2962,16
chb11,chb11_02,4240,15
chb11,chb11_03,2050,110
chb11,chb11_03,2250,22
chb11,chb11_03,2850,15
chb11,chb11_05,1670,15
chb11,chb11_08,1448,20
chb11,chb11_10,875,15
chb11,chb11_10,1302,16
chb11,chb11_11,470,20
chb11,chb11_11,688,14
chb11,chb11_11,2528,127
chb11,chb11_12,492,26
chb11,chb11_12,610,22
chb11,chb11_12,772,23
chb11,chb11_13,2395,20
chb11,chb11_13,2520,18
chb11,chb11_13,2665,27
chb11,chb11_14,408,17
chb11,chb11_14,1622,23
chb11,chb11_15,775,15
chb11,chb11_15,2458,124
chb11,chb11_19,3550,42
chb11,chb11_24,658,30
chb11,chb11_24,3430,15
chb11,chb11_25,2568,100
chb11,chb11_25,3572,16
chb11,chb11_26,1060,22
chb11,chb11_26,1280,288
chb11,chb11_26,3492,18
chb11,chb11_54,3992,18
chb11,chb11_55,3488,24
chb11,chb11_55,4230,18
chb11,chb11_56,4058,17
chb11,chb11_56,4325,17
chb11,chb11_56,4505,15
chb11,chb11_58,265,17
chb11,chb11_58,1170,15
chb11,chb11_60,3848,14
chb11,chb11_62,10,15
chb11,chb11_63,3215,15
chb12,chb12_09,1700,15
chb12,chb12_09,2430,15
chb12,chb12_11,1595,25
chb12,chb12_11,2095,155
chb12,chb12_11,2352,18
chb12,chb12_23,850,18
chb12,chb12_23,3050,18
chb12,chb12_33,1398,14
chb12,chb12_33,1520,18
chb12,chb12_33,1718,62
chb12,chb12_36,2828,14
chb12,chb12_42,162,16
chb12,chb12_19,3000,15
chb12,chb12_24,570,15
chb12,chb12_24,2812,16
chb12,chb12_32,2018,14
chb12,chb12_34,35,17
chb12,chb12_34,1600,20
chb12,chb12_34,2425,60
chb12,chb12_34,3230,122
chb12,chb12_35,805,15
chb12,chb12_35,2185,15
chb12,chb12_35,2318,14
chb12,chb12_35,2535,17
chb12,chb12_35,2868,14
chb12,chb12_37,3498,14
chb12,chb12_39,45,43
chb12,chb12_39,325,30
chb12,chb12_39,2352,16
chb12,chb12_39,4080,100
chb12,chb12_40,402,36
chb12,chb12_40,1278,40
chb12,chb12_40,1570,28
chb12,chb12_40,3580,38
chb13,chb13_19,2702,16
chb13,chb13_55,1618,14
chb13,chb13_55,2682,16
chb13,chb13_55,2818,22
chb13,chb13_55,3068,14
chb13,chb13_55,3395,65
chb13,chb13_59,448,50
chb13,chb13_59,890,118
chb13,chb13_59,1778,14
chb13,chb13_59,2168,234
chb13,chb13_59,2658,22
chb13,chb13_59,2788,74
chb13,chb13_59,2985,15
chb13,chb13_60,50,300
chb13,chb13_60,350,98
chb13,chb13_60,888,260
chb13,chb13_60,1240,232
chb13,chb13_60,1568,174
chb13,chb13_60,1870,70
chb13,chb13_60,2030,85
chb13,chb13_60,2248,100
chb13,chb13_60,2502,86
chb13,chb13_60,3080,75
chb13,chb13_60,3438,50
chb13,chb13_62,35,55
chb13,chb13_62,222,20
chb13,chb13_62,1135,133
chb13,chb13_62,1365,30
chb13,chb13_62,1902,16
chb13,chb13_04,4505,15
chb13,chb13_22,3792,16
chb13,chb13_47,890,18
chb13,chb13_47,2222,73
chb14,chb14_04,510,15
chb14,chb14_04,3082,16
chb14,chb14_12,3515,17
chb14,chb14_22,445,113
chb14,chb14_24,45,15
chb14,chb14_26,1665,15
chb14,chb14_29,3860,15
chb14,chb14_30,1358,14
chb14,chb14_30,4240,18
chb14,chb14_32,358,62
chb14,chb14_32,1198,14
chb14,chb14_42,3265,15
chb14,chb14_42,4018,14
chb15,chb15_06,15,65
chb15,chb15_15,352,16
chb15,chb15_15,1260,18
chb15,chb15_15,2510,300
chb15,chb15_15,2810,138
chb15,chb15_17,18,37
chb15,chb15_17,298,104
chb15,chb15_20,62,16
chb15,chb15_20,345,20
chb15,chb15_20,805,15
chb15,chb15_20,3548,17
chb15,chb15_22,1800,15
chb15,chb15_22,2438,14
chb15,chb15_22,2575,17
chb15,chb15_28,740,22
chb15,chb15_28,1655,17
chb15,chb15_28,2358,22
chb15,chb15_28,2722,86
chb15,chb15_31,1280,18
chb15,chb15_40,1785,17
chb15,chb15_40,3230,15
chb15,chb15_46,288,70
chb15,chb15_46,480,112
chb15,chb15_46,908,300
chb15,chb15_46,1208,87
chb15,chb15_46,1385,20
chb15,chb15_46,1518,82
chb15,chb15_46,2002,60
chb15,chb15_46,2555,25
chb15,chb15_46,2900,15
chb15,chb15_46,3112,18
chb15,chb15_49,60,15
chb15,chb15_49,165,300
chb15,chb15_49,465,10
chb15,chb15_49,595,300
chb15,chb15_49,895,140
chb15,chb15_52,472,16
chb15,chb15_52,1948,114
chb15,chb15_52,2445,20
chb15,chb15_62,88,14
chb15,chb15_62,578,14
chb15,chb15_62,2295,15
chb15,chb15_01,5,15
chb15,chb15_01,155,85
chb15,chb15_01,1290,15
chb15,chb15_01,3298,14
chb15,chb15_02,38,14
chb15,chb15_02,328,17
chb15,chb15_02,718,17
chb15,chb15_02,982,286
chb15,chb15_02,1678,17
chb15,chb15_02,1882,16
chb15,chb15_02,2772,18
chb15,chb15_03,2740,178
chb15,chb15_03,3130,18
chb15,chb15_03,3405,15
chb15,chb15_03,3668,20
chb15,chb15_04,1520,22
chb15,chb15_07,3468,42
chb15,chb15_08,2332,16
chb15,chb15_11,3295,15
chb15,chb15_13,2705,15
chb15,chb15_14,672,16
chb15,chb15_16,895,25
chb15,chb15_16,4530,18
chb15,chb15_19,3765,17
chb15,chb15_19,3958,294
chb15,chb15_19,4525,17
chb15,chb15_26,385,17
chb15,chb15_26,570,18
chb15,chb15_26,1685,15
chb15,chb15_26,2900,15
chb15,chb15_32,782,16
chb15,chb15_32,1800,20
chb15,chb15_32,2065,73
chb15,chb15_32,4535,53
chb15,chb15_45,238,17
chb15,chb15_45,462,16
chb15,chb15_45,1012,70
chb15,chb15_45,1212,18
chb15,chb15_45,1960,20
chb15,chb15_45,2235,17
chb15,chb15_45,2412,18
chb15,chb15_45,2678,104
chb15,chb15_45,2878,60
chb15,chb15_45,3192,20
chb15,chb15_45,3545,143
chb15,chb15_45,4302,18
chb15,chb15_45,4572,18
chb15,chb15_45,4708,14
chb15,chb15_50,1800,18
chb15,chb15_51,328,14
chb15,chb15_51,1928,22
chb15,chb15_51,2045,40
chb15,chb15_51,2212,16
chb15,chb15_51,2510,15
chb15,chb15_61,8,14
chb15,chb15_61,202,290
chb15,chb15_61,1782,216
chb15,chb15_61,2620,15
chb15,chb15_61,3020,202
chb15,chb15_63,4012,16
chb15,chb15_63,4652,18
chb16,chb16_01,3170,18
chb16,chb16_05,230,15
chb16,chb16_10,2988,17
chb16,chb16_14,988,17
chb16,chb16_14,2368,17
chb16,chb16_18,105,15
chb16,chb16_18,1815,15
chb16,chb16_19,632,20
chb17,chb17a_03,85,17
chb17,chb17a_04,68,14
chb17,chb17a_05,1750,18
chb17,chb17a_05,2738,14
chb17,chb17a_08,885,17
chb17,chb17a_08,692,16
chb17,chb17a_08,198,17
chb17,chb17a_08,3092,16
chb17,chb17b_57,2110,15
chb17,chb17b_59,3885,15
chb17,chb17b_60,1098,14
chb17,chb17b_60,1902,16
chb18,chb18_09,2290,42
chb18,chb18_09,3030,15
chb18,chb18_12,35,30
chb18,chb18_15,3335,15
chb18,chb18_16,3540,18
chb18,chb18_17,585,15
chb18,chb18_17,990,15
chb18,chb18_23,922,73
chb18,chb18_25,1455,15
chb18,chb18_28,2075,17
chb18,chb18_28,2322,16
chb18,chb18_31,2242,16
chb18,chb18_33,2340,15
chb18,chb18_33,2900,15
chb18,chb18_34,748,17
chb18,chb18_36,1672,18
chb19,chb19_01,1065,15
chb19,chb19_01,745,40
chb19,chb19_02,1105,15
chb19,chb19_02,592,20
chb19,chb19_03,818,14
chb19,chb19_05,3930,15
chb19,chb19_05,4092,76
chb19,chb19_07,3415,15
chb19,chb19_10,1790,15
chb19,chb19_11,1090,15
chb19,chb19_15,2870,15
chb19,chb19_15,2702,18
chb19,chb19_16,3428,14
chb19,chb19_16,3285,17
chb19,chb19_16,258,14
chb19,chb19_17,562,18
chb19,chb19_17,358,74
chb19,chb19_17,1465,15
chb19,chb19_17,2000,15
chb19,chb19_17,2490,18
chb19,chb19_17,3180,22
chb19,chb19_17,4005,17
chb19,chb19_18,1430,215
chb19,chb19_18,92,16
chb19,chb19_18,1032,246
chb19,chb19_18,4528,92
chb19,chb19_18,2165,125
chb19,chb19_18,3832,50
chb19,chb19_18,4010,200
chb19,chb19_18,1758,14
chb19,chb19_19,3678,17
chb19,chb19_19,788,14
chb19,chb19_19,4125,15
chb19,chb19_20,3185,17
chb19,chb19_20,2888,14
chb19,chb19_20,2632,20
chb19,chb19_20,92,16
chb19,chb19_22,3862,23
chb19,chb19_22,1790,15
chb19,chb19_22,25,15
chb19,chb19_22,1032,16
chb19,chb19_23,1498,14
chb19,chb19_23,2255,15
chb19,chb19_23,2735,20
chb19,chb19_26,4405,15
chb19,chb19_26,302,16
chb19,chb19_28,3545,15
chb19,chb19_28,3090,48
chb19,chb19_28,2742,18
chb19,chb19_28,2078,14
chb19,chb19_29,822,16
chb19,chb19_29,992,16
chb19,chb19_29,3182,143
chb19,chb19_29,432,113
chb19,chb19_29,1172,38
chb19,chb19_30,732,23
chb19,chb19_30,1285,17
chb19,chb19_30,1738,14
chb20,chb20_05,2042,18
chb20,chb20_05,118,14
chb20,chb20_05,2665,15
chb20,chb20_05,1340,18
chb20,chb20_05,1635,15
chb20,chb20_05,418,22
chb20,chb20_05,1880,22
chb20,chb20_12,220,18
chb20,chb20_14,2228,20
chb20,chb20_17,372,16
chb20,chb20_17,3015,37
chb20,chb20_25,232,16
chb20,chb20_25,752,16
chb20,chb20_25,1292,16
chb20,chb20_26,3635,120
chb20,chb20_28,2278,17
chb21,chb21_01,3392,16
chb21,chb21_06,3938,17
chb21,chb21_10,4248,14
chb21,chb21_16,1632,18
chb21,chb21_28,295,15
chb21,chb21_31,645,15
chb21,chb21_32,1505,200
chb21,chb21_32,2095,17
chb21,chb21_32,2285,17
chb21,chb21_33,1062,20
chb21,chb21_33,738,54
chb22,chb22_01,2162,16
chb22,chb22_02,2070,15
chb22,chb22_03,1725,20
chb22,chb22_06,3322,16
chb22,chb22_15,800,15
chb22,chb22_21,438,14
chb22,chb22_23,4425,17
chb22,chb22_24,755,15
chb23,chb23_06,810,15
chb23,chb23_06,1965,15
chb23,chb23_07,1288,14
chb23,chb23_08,9018,14
chb23,chb23_08,8518,14
chb23,chb23_08,6138,137
chb23,chb23_08,480,18
chb23,chb23_09,5568,37
chb23,chb23_09,9112,16
chb23,chb23_10,12582,16
chb23,chb23_10,11015,20
chb23,chb23_10,18300,15
chb23,chb23_10,16610,18
chb23,chb23_10,9878,17
chb23,chb23_10,1948,20
chb23,chb23_10,14260,18
chb23,chb23_16,410,15
chb23,chb23_16,6685,20
chb23,chb23_16,15442,16
chb23,chb23_16,13835,130
chb23,chb23_17,5142,16
chb23,chb23_17,7342,16
chb23,chb23_17,7460,15
chb23,chb23_19,18885,47
chb23,chb23_19,3595,20
chb23,chb23_19,12222,16
chb23,chb23_19,12338,17
chb23,chb23_20,5945,15
chb24,chb24_01,2450,22
chb24,chb24_01,3228,30
chb24,chb24_02,4650,15
chb24,chb24_02,4490,30
chb24,chb24_03,2880,22
chb24,chb24_04,3110,15
chb24,chb24_04,2992,18
chb24,chb24_04,3558,17
chb24,chb24_04,1898,17
chb24,chb24_04,1752,18
chb24,chb24_04,1408,20
chb24,chb24_04,2412,18
chb24,chb24_07,1022,18
chb24,chb24_10,1825,17
chb24,chb24_10,2828,17
chb24,chb24_12,1845,15
chb24,chb24_18,130,30
chb24,chb24_18,1392,28
chb24,chb24_18,595,25
